"fecha","hora","magnitud","profundidad_km","lugar","latitud","longitud"
"2026-04-23","08:09",4.8,62.2,"34 km SSW of La Libertad, El Salvador",13.1854,-89.4104
"2026-04-08","04:43",4.2,74.325,"51 km SSW of Chirilagua, El Salvador",12.7799,-88.3026
"2026-04-07","19:32",3.9,47.759,"73 km SSW of Chirilagua, El Salvador",12.5761,-88.3202
"2026-04-06","17:31",4.3,10,"140 km S of La Libertad, El Salvador",12.22,-89.4321
"2026-04-03","21:32",4.1,69.327,"25 km WSW of Acajutla, El Salvador",13.479,-90.0288
"2026-03-29","23:15",4.6,35,"98 km S of La Libertad, El Salvador",12.6046,-89.3916
"2026-03-26","16:11",4.8,70.542,"32 km SSE of La Libertad, El Salvador",13.2175,-89.2159
"2026-03-21","08:17",4.4,70.226,"46 km SW of Puerto El Triunfo, El Salvador",12.9863,-88.8573
"2026-03-14","23:00",5.3,59.911,"60 km SSW of Intipucá, El Salvador",12.6793,-88.2459
"2026-03-09","09:15",4.3,35,"97 km SW of Acajutla, El Salvador",13.0569,-90.5402
"2026-03-04","12:56",5.3,46.548,"73 km SSW of Chirilagua, El Salvador",12.5827,-88.3235
"2026-02-28","04:21",4.6,73.755,"13 km WSW of Acajutla, El Salvador",13.5616,-89.9442
"2026-02-19","01:30",4.4,10,"135 km S of La Libertad, El Salvador",12.2657,-89.3559
"2026-02-04","23:39",4.3,65.324,"44 km S of La Libertad, El Salvador",13.091,-89.2605
"2026-01-27","15:06",4.5,183.499,"5 km SW of Chapeltique, El Salvador",13.5966,-88.3014
"2026-01-19","21:28",4.3,10,"103 km SW of Puerto El Triunfo, El Salvador",12.5358,-89.1249
"2026-01-06","11:07",4,83.742,"24 km SW of Jucuarán, El Salvador",13.0841,-88.3856
"2026-01-02","00:28",4.1,83.046,"8 km SSE of El Tránsito, El Salvador",13.2801,-88.3283
"2025-12-28","03:55",4.4,189.415,"14 km NNE of Berlín, El Salvador",13.6258,-88.4988
"2025-12-26","21:13",4.2,10,"141 km SSW of Acajutla, El Salvador",12.402,-90.2957
"2025-12-17","01:17",4.3,62.909,"67 km S of Puerto El Triunfo, El Salvador",12.6793,-88.4711
"2025-12-11","18:40",4.3,10,"89 km S of Acajutla, El Salvador",12.7869,-89.8868
"2025-12-11","11:18",4.8,10,"89 km S of Acajutla, El Salvador",12.794,-89.9743
"2025-12-07","16:36",4.4,47.769,"23 km S of Acajutla, El Salvador",13.3825,-89.8144
"2025-11-29","00:52",4.9,84.992,"20 km S of El Rosario, El Salvador",13.313,-89.049
"2025-11-26","04:49",4.3,141.256,"1 km NE of Olocuilta, El Salvador",13.58,-89.1021
"2025-11-20","01:26",4.6,196.976,"14 km SE of Conchagua, El Salvador",13.207,-87.7745
"2025-11-16","22:22",4.2,66.155,"43 km SW of Puerto El Triunfo, El Salvador",12.977,-88.8024
"2025-11-08","19:49",4.9,71.643,"33 km SSW of Puerto El Triunfo, El Salvador",13.0116,-88.6876
"2025-11-05","23:21",4.6,78.191,"22 km SSW of Puerto El Triunfo, El Salvador",13.09,-88.6169
"2025-11-04","19:38",4.4,35,"75 km S of La Libertad, El Salvador",12.8114,-89.2547
"2025-10-25","20:36",4.2,230.595,"3 km NW of San Alejo, El Salvador",13.4568,-87.9805
"2025-10-10","00:27",4.6,171.484,"13 km S of Conchagua, El Salvador",13.1878,-87.852
"2025-09-22","15:42",4.5,10,"130 km SSW of Chirilagua, El Salvador",12.0875,-88.4631
"2025-08-23","03:14",6,17,"88 km SW of Acajutla, El Salvador",13.0601,-90.4343
"2025-08-22","08:46",4.2,31.573,"63 km WSW of Acajutla, El Salvador",13.372,-90.3699
"2025-08-21","21:31",4.2,10,"9 km NW of Atiquizaya, El Salvador",14.0249,-89.8234
"2025-08-18","05:56",4.3,39.363,"65 km S of Acajutla, El Salvador",13.0031,-89.7542
"2025-08-16","01:34",4,40.952,"74 km S of La Libertad, El Salvador",12.8133,-89.3185
"2025-08-16","01:25",4.2,48.078,"76 km S of La Libertad, El Salvador",12.8009,-89.2883
"2025-08-12","17:39",4.3,10,"133 km SW of Acajutla, El Salvador",12.6134,-90.5534
"2025-08-06","08:09",4.5,10,"109 km S of Acajutla, El Salvador",12.6049,-89.8876
"2025-08-03","19:30",4.1,53.012,"60 km S of Puerto El Triunfo, El Salvador",12.7375,-88.5933
"2025-07-31","03:54",4.1,52.717,"66 km S of La Libertad, El Salvador",12.8918,-89.2348
"2025-07-30","18:32",4,10,"8 km NNW of Ahuachapán, El Salvador",13.9924,-89.8803
"2025-07-29","13:32",4,42.488,"52 km SSW of Chirilagua, El Salvador",12.7745,-88.2994
"2025-07-26","21:06",4.8,35,"95 km SSW of Puerto El Triunfo, El Salvador",12.4439,-88.7541
"2025-07-14","10:31",4.3,50.904,"71 km S of Intipuc?, El Salvador",12.5563,-88.137
"2025-06-30","22:47",4.4,10,"116 km S of La Libertad, El Salvador",12.4389,-89.4065
"2025-06-26","06:34",4.4,72.181,"51 km S of El Rosario, El Salvador",13.0326,-89.0543
"2025-06-18","05:57",5.4,79.464,"22 km S of Puerto El Triunfo, El Salvador",13.0775,-88.5694
"2025-06-11","18:12",4.3,10,"116 km S of La Libertad, El Salvador",12.4391,-89.3216
"2025-06-09","15:24",4.3,66.413,"52 km SSW of Puerto El Triunfo, El Salvador",12.8359,-88.7226
"2025-05-29","10:27",4.6,71.926,"48 km S of El Rosario, El Salvador",13.0578,-89.0383
"2025-05-27","16:53",4.4,73.771,"9 km W of Acajutla, El Salvador",13.6053,-89.9185
"2025-05-26","00:08",4.2,77.909,"15 km SSW of Acajutla, El Salvador",13.4747,-89.9009
"2025-05-22","12:32",5,67.918,"39 km S of Puerto El Triunfo, El Salvador",12.9288,-88.5923
"2025-05-14","10:19",4.7,71.714,"52 km S of Intipucá, El Salvador",12.7304,-88.1166
"2025-05-10","12:36",4.6,63.989,"57 km SW of Puerto El Triunfo, El Salvador",12.8659,-88.8594
"2025-05-08","11:26",4.1,42.113,"61 km SSW of Puerto El Triunfo, El Salvador",12.7385,-88.6758
"2025-05-05","02:30",4.8,52.589,"78 km SSW of Intipucá, El Salvador",12.5119,-88.2428
"2025-05-04","12:17",4.3,35,"87 km SSW of Puerto El Triunfo, El Salvador",12.5461,-88.8388
"2025-04-26","08:54",4,69.145,"37 km SSW of Chirilagua, El Salvador",12.9185,-88.2866
"2025-04-25","08:11",4.8,60.635,"44 km SSW of La Libertad, El Salvador",13.1086,-89.4678
"2025-04-10","13:35",4.2,59.299,"50 km S of El Rosario, El Salvador",13.046,-89.0769
"2025-03-24","02:05",4.2,166.471,"13 km WSW of San Agustín, El Salvador",13.4048,-88.721
"2025-03-20","02:15",5,68.651,"41 km SW of Puerto El Triunfo, El Salvador",13.0126,-88.8131
"2025-03-18","20:47",4.9,149.611,"2 km NE of Ilopango, El Salvador",13.7206,-89.0896
"2025-03-15","05:38",4,62.907,"44 km S of El Rosario, El Salvador",13.1054,-89.0989
"2025-03-12","13:36",4.1,59.335,"41 km SW of Puerto El Triunfo, El Salvador",13.0264,-88.8295
"2025-03-07","19:35",4.1,62.302,"74 km S of Intipucá, El Salvador",12.5274,-88.151
"2025-02-27","04:23",4.5,10.881,"119 km SSW of La Libertad, El Salvador",12.5155,-89.7936
"2025-02-25","22:29",4.2,35,"77 km S of La Libertad, El Salvador",12.7931,-89.4142
"2025-02-16","02:22",4.2,23.679,"100 km SSW of Puerto El Triunfo, El Salvador",12.4924,-89.0117
"2025-02-16","02:11",4.5,36.717,"92 km SSW of Puerto El Triunfo, El Salvador",12.5694,-88.9968
"2025-02-15","18:05",4.3,10,"119 km SW of Acajutla, El Salvador",12.8054,-90.5848
"2025-02-06","23:36",4.4,207.165,"14 km S of San Miguel, El Salvador",13.3591,-88.1584
"2025-02-02","06:51",4.1,88.362,"40 km S of Zacatecoluca, El Salvador",13.134,-88.9205
"2025-01-18","23:57",4.4,66.106,"52 km SSW of Puerto El Triunfo, El Salvador",12.8287,-88.6863
"2025-01-17","12:40",4,65.62,"44 km S of El Rosario, El Salvador",13.1026,-88.9825
"2025-01-09","10:31",5.8,95,"10 km E of Acajutla, El Salvador",13.599,-89.7339
"2025-01-05","22:59",4,57.839,"51 km S of El Rosario, El Salvador",13.034,-88.9844
"2025-01-05","11:46",4.3,58.808,"58 km SSW of El Rosario, El Salvador",12.9775,-89.1358
"2025-01-05","11:18",6.2,46,"56 km SSE of La Libertad, El Salvador",13.0007,-89.1775
"2025-01-04","08:24",4.5,74.061,"28 km SSE of La Libertad, El Salvador",13.2345,-89.261
"2025-01-03","23:48",4.4,64.868,"52 km S of Puerto El Triunfo, El Salvador",12.8056,-88.5668
"2024-12-27","10:28",4.7,73.534,"21 km SW of Acajutla, El Salvador",13.4442,-89.9533
"2024-12-23","11:13",4.6,10,"113 km SW of Acajutla, El Salvador",12.7911,-90.4758
"2024-12-20","19:37",4.1,50.921,"42 km SW of La Libertad, El Salvador",13.1934,-89.5689
"2024-12-14","18:53",4.4,47.794,"46 km S of Acajutla, El Salvador",13.1773,-89.8015
"2024-12-12","00:22",4.4,10,"115 km S of La Libertad, El Salvador",12.4644,-89.517
"2024-12-09","07:46",4.5,15.708,"8 km ESE of Conchagua, El Salvador",13.268,-87.8004
"2024-12-08","21:50",5.6,10,"2 km SSE of Conchagua, El Salvador",13.2899,-87.8532
"2024-12-02","00:33",4.3,43.894,"96 km S of Acajutla, El Salvador",12.7183,-89.8217
"2024-11-28","12:27",4.3,76.96,"34 km S of Puerto El Triunfo, El Salvador",12.9698,-88.5901
"2024-11-26","01:21",4.3,50.596,"101 km SSW of Chirilagua, El Salvador",12.3301,-88.3765
"2024-11-04","12:35",4.2,31.8,"72 km SW of Acajutla, El Salvador",13.1881,-90.349
"2024-10-26","00:54",4,46.211,"53 km SSW of Acajutla, El Salvador",13.1232,-89.9522
"2024-10-25","19:21",4.8,60.411,"59 km S of Intipucá, El Salvador",12.6601,-88.114
"2024-10-25","11:37",4.4,10,"135 km SSW of Puerto El Triunfo, El Salvador",12.1664,-89.0563
"2024-10-18","01:17",4.5,10,"141 km SSW of Puerto El Triunfo, El Salvador",12.1315,-89.1156
"2024-10-14","07:08",4.4,187.105,"6 km SSW of Tecoluca, El Salvador",13.738,-89.0315
"2024-10-02","04:51",4.5,48.243,"47 km S of Acajutla, El Salvador",13.1685,-89.8733
"2024-09-22","13:48",4.4,71.265,"32 km SW of La Libertad, El Salvador",13.2698,-89.5209
"2024-09-21","20:25",5,76.93,"28 km SSW of La Libertad, El Salvador",13.2483,-89.4248
"2024-09-20","15:15",4.3,64.677,"51 km SW of Jiquilisco, El Salvador",13.0017,-88.9375
"2024-09-18","22:57",4.6,48.286,"76 km S of Intipucá, El Salvador",12.5142,-88.1514
"2024-09-15","14:18",4.3,29.968,"53 km SSW of Acajutla, El Salvador",13.1201,-89.9446
"2024-09-15","04:55",4.1,62.76,"63 km SSW of Chirilagua, El Salvador",12.6896,-88.3594
"2024-09-15","04:18",4.2,45.93,"38 km S of Acajutla, El Salvador",13.2453,-89.7857
"2024-09-14","23:16",4.7,27.072,"54 km S of Acajutla, El Salvador",13.1119,-89.9131
"2024-09-14","23:10",4.2,49.683,"40 km S of Acajutla, El Salvador",13.2324,-89.8702
"2024-09-14","22:58",5.2,29.796,"59 km S of Acajutla, El Salvador",13.0626,-89.9141
"2024-09-14","20:00",4.6,36.05,"58 km S of Acajutla, El Salvador",13.0722,-89.8973
"2024-09-13","15:21",4.9,35,"55 km S of Acajutla, El Salvador",13.0997,-89.9087
"2024-09-04","20:11",4.2,62.699,"11 km SSE of Acajutla, El Salvador",13.507,-89.776
"2024-08-30","21:52",4.1,68.3,"61 km SSW of Chirilagua, El Salvador",12.6938,-88.3182
"2024-08-30","04:08",4.2,41.468,"63 km SSW of La Libertad, El Salvador",12.9858,-89.608
"2024-08-29","01:43",4.4,44.872,"61 km SSW of La Libertad, El Salvador",12.9936,-89.5759
"2024-08-28","16:14",4.3,35,"71 km SSW of La Libertad, El Salvador",12.902,-89.6094
"2024-08-28","15:57",6.1,26.358,"56 km SSW of La Libertad, El Salvador",13.0471,-89.583
"2024-08-26","00:43",4,59.196,"33 km SE of Acajutla, El Salvador",13.3669,-89.6168
"2024-08-25","17:30",4.3,173.87,"5 km S of Conchagua, El Salvador",13.2601,-87.8622
"2024-08-21","04:38",4.2,61.153,"45 km SW of La Libertad, El Salvador",13.1924,-89.6098
"2024-08-20","01:34",4.8,52.385,"49 km SW of La Libertad, El Salvador",13.155,-89.6273
"2024-08-19","01:24",4.3,10,"15 km S of Conchagua, El Salvador",13.1656,-87.8447
"2024-08-15","16:45",4.4,75.557,"29 km SSW of Puerto El Triunfo, El Salvador",13.0448,-88.6781
"2024-08-10","13:06",4.3,69.286,"48 km WSW of Acajutla, El Salvador",13.4612,-90.2517
"2024-08-06","01:18",5,59.381,"23 km S of Acajutla, El Salvador",13.3852,-89.8134
"2024-07-30","14:35",4.7,172.595,"12 km SSE of Conchagua, El Salvador",13.2064,-87.815
"2024-07-27","03:27",4.8,66.605,"51 km SSW of Jucuarán, El Salvador",12.8088,-88.393
"2024-07-26","17:15",4.5,174.629,"4 km NE of Santiago de María, El Salvador",13.5168,-88.4422
"2024-07-13","12:26",4.1,48.932,"67 km SSW of Intipucá, El Salvador",12.6265,-88.2639
"2024-07-07","21:15",3.9,59.311,"64 km SW of San Francisco Menéndez, El Salvador",13.3979,-90.3988
"2024-06-20","02:34",4.1,60.58,"37 km SW of Puerto El Triunfo, El Salvador",13.0599,-88.8117
"2024-06-18","17:32",4.1,61.843,"54 km SSW of Chirilagua, El Salvador",12.7558,-88.3159
"2024-06-07","13:12",4.1,41.001,"65 km WSW of Acajutla, El Salvador",13.3034,-90.3548
"2024-05-05","11:00",4.3,10,"135 km SSW of Acajutla, El Salvador",12.4501,-90.2794
"2024-04-26","02:37",4.7,10,"158 km SSW of Puerto El Triunfo, El Salvador",12.0041,-89.2165
"2024-04-24","01:15",4.5,71.813,"39 km SSW of Puerto El Triunfo, El Salvador",12.9551,-88.6885
"2024-04-18","11:18",4.3,47.047,"44 km WSW of Acajutla, El Salvador",13.4533,-90.2127
"2024-04-17","08:38",4.3,10,"136 km S of Puerto El Triunfo, El Salvador",12.0506,-88.6139
"2024-04-07","11:49",5,193.139,"2 km S of Tenancingo, El Salvador",13.8143,-88.9836
"2024-04-04","01:38",5.1,54.6,"56 km SW of Puerto El Triunfo, El Salvador",12.8955,-88.8866
"2024-04-02","21:48",4.4,94.602,"15 km WSW of Guaymango, El Salvador",13.7042,-89.9807
"2024-03-26","23:37",4.3,59.316,"29 km S of Acajutla, El Salvador",13.3309,-89.867
"2024-03-26","18:24",4.7,10,"160 km S of La Libertad, El Salvador",12.0377,-89.3288
"2024-03-26","12:33",4.3,72.624,"19 km S of La Libertad, El Salvador",13.3139,-89.2871
"2024-03-25","01:43",4.4,39.019,"86 km S of La Libertad, El Salvador",12.7084,-89.409
"2024-03-14","21:13",4.9,63.337,"42 km S of Puerto El Triunfo, El Salvador",12.901,-88.5183
"2024-03-03","22:34",4,58.68,"40 km S of La Libertad, El Salvador",13.1278,-89.2942
"2024-03-02","21:20",4.3,94.214,"5 km E of Concepción de Ataco, El Salvador",13.8651,-89.7981
"2024-03-02","18:23",4.3,182.097,"4 km SSW of Chinameca, El Salvador",13.4609,-88.3685
"2024-02-17","02:56",4.5,45.026,"106 km S of Puerto El Triunfo, El Salvador",12.3294,-88.6949
"2024-02-06","20:04",5,65.871,"46 km SW of La Libertad, El Salvador",13.1591,-89.5919
"2024-02-06","08:10",4.2,55.022,"60 km S of Acajutla, El Salvador",13.0498,-89.7546
"2024-02-06","07:53",5.1,66.084,"47 km SW of La Libertad, El Salvador",13.1349,-89.5713
"2024-02-05","08:21",4.2,64.767,"2 km SSW of San Antonio del Monte, El Salvador",13.6963,-89.7436
"2024-02-03","01:24",4.5,35,"65 km SSE of Acajutla, El Salvador",13.0139,-89.7085
"2024-01-31","17:43",4.6,45.259,"97 km S of La Libertad, El Salvador",12.6093,-89.2963
"2024-01-30","17:41",4.2,35,"94 km S of La Libertad, El Salvador",12.6353,-89.2879
"2024-01-29","15:38",4.5,183.251,"13 km NNW of San Agustín, El Salvador",13.5419,-88.6575
"2024-01-27","15:51",4.2,68.112,"38 km S of Puerto El Triunfo, El Salvador",12.9353,-88.5583
"2024-01-25","16:08",4.7,80.334,"29 km S of La Libertad, El Salvador",13.2268,-89.357
"2024-01-19","08:59",4.2,51.647,"51 km WSW of Acajutla, El Salvador",13.372,-90.2464
"2024-01-08","21:31",4.3,35,"76 km SSW of Puerto El Triunfo, El Salvador",12.6184,-88.758
"2024-01-08","21:02",4.4,67.075,"29 km WSW of La Libertad, El Salvador",13.3546,-89.561
"2024-01-01","02:54",4.5,35,"103 km SSW of Puerto El Triunfo, El Salvador",12.4653,-89.0159
"2023-12-31","21:26",4.4,35,"97 km SSW of Puerto El Triunfo, El Salvador",12.4954,-88.9548
"2023-12-30","12:38",4.5,15.311,"125 km SSW of Puerto El Triunfo, El Salvador",12.3296,-89.1796
"2023-12-30","09:02",4.6,50.462,"98 km SSW of Puerto El Triunfo, El Salvador",12.5308,-89.032
"2023-12-28","07:54",4.8,62.641,"74 km S of Intipucá, El Salvador",12.5286,-88.1504
"2023-12-25","12:38",4.2,67.307,"45 km SW of Puerto El Triunfo, El Salvador",12.9652,-88.818
"2023-12-24","20:58",4.4,42.542,"75 km SSW of Puerto El Triunfo, El Salvador",12.6222,-88.7376
"2023-12-21","11:02",4.4,55.813,"40 km SSE of La Libertad, El Salvador",13.1324,-89.2326
"2023-12-20","16:37",4.6,61.838,"69 km SSW of Intipucá, El Salvador",12.5807,-88.1912
"2023-12-06","20:22",4.7,48.162,"76 km SSW of Puerto El Triunfo, El Salvador",12.6918,-88.92
"2023-12-04","00:58",4.1,35,"71 km WSW of Acajutla, El Salvador",13.3054,-90.4204
"2023-11-21","04:38",4.4,60.189,"62 km SW of Puerto El Triunfo, El Salvador",12.8188,-88.8769
"2023-11-17","16:00",4.2,55.517,"37 km SSW of Acajutla, El Salvador",13.2983,-90.0006
"2023-11-15","19:24",4.3,54.094,"32 km SSE of La Libertad, El Salvador",13.2049,-89.2451
"2023-11-05","14:42",4.4,10,"132 km SSW of Acajutla, El Salvador",12.5967,-90.5056
"2023-11-03","23:54",4.5,46.101,"106 km SSW of Chirilagua, El Salvador",12.2968,-88.399
"2023-10-20","22:27",4.4,10,"12 km NE of La Libertad, Honduras",14.8378,-87.5283
"2023-10-18","12:29",4.4,67.733,"28 km S of La Libertad, El Salvador",13.2327,-89.3175
"2023-10-17","12:35",4.3,62.302,"72 km SSW of Intipucá, El Salvador",12.5784,-88.2742
"2023-10-15","16:44",4.9,51.39,"102 km SSW of Chirilagua, El Salvador",12.3509,-88.4707
"2023-10-14","16:11",4.9,10,"16 km NE of La Libertad, Honduras",14.8821,-87.522
"2023-10-12","14:00",4.5,10,"13 km NNE of La Libertad, Honduras",14.8674,-87.5535
"2023-10-11","23:16",4.2,52.622,"66 km SSW of Puerto El Triunfo, El Salvador",12.6913,-88.678
"2023-10-09","16:25",4.4,65.842,"59 km SSW of Intipucá, El Salvador",12.6726,-88.1939
"2023-10-04","12:33",4.6,35,"98 km SSW of Intipucá, El Salvador",12.3381,-88.295
"2023-09-28","13:46",4.6,66.631,"52 km SW of Acajutla, El Salvador",13.2684,-90.1755
"2023-08-29","02:48",4.1,72.966,"54 km SSW of Chirilagua, El Salvador",12.7509,-88.2817
"2023-08-07","07:12",4.7,10,"99 km SSW of La Libertad, El Salvador",12.6197,-89.5753
"2023-07-25","22:32",4.6,45.872,"104 km S of La Libertad, El Salvador",12.5501,-89.2175
"2023-07-24","23:49",4.3,61.739,"53 km S of La Libertad, El Salvador",13.0066,-89.2884
"2023-07-24","00:53",4.1,58.013,"58 km SSW of Intipucá, El Salvador",12.6797,-88.1786
"2023-07-23","22:41",4.2,67.108,"61 km SSW of Chirilagua, El Salvador",12.6985,-88.3356
"2023-07-23","13:37",4.8,76.868,"50 km SSW of Chirilagua, El Salvador",12.7817,-88.2548
"2023-07-23","03:47",4.1,63.854,"61 km SSW of Chirilagua, El Salvador",12.6854,-88.2945
"2023-07-21","19:11",4.6,87.347,"28 km W of La Libertad, El Salvador",13.4486,-89.5828
"2023-07-19","13:59",4.4,63.497,"65 km SSW of Chirilagua, El Salvador",12.6448,-88.2945
"2023-07-19","10:36",4.4,64.33,"61 km SSW of Chirilagua, El Salvador",12.6902,-88.304
"2023-07-19","10:10",4.2,64.464,"62 km SSW of Intipucá, El Salvador",12.6526,-88.2052
"2023-07-19","07:27",4.5,79.225,"52 km SSW of Chirilagua, El Salvador",12.7597,-88.24
"2023-07-19","04:11",4.7,79.551,"49 km S of Chirilagua, El Salvador",12.7776,-88.2249
"2023-07-19","03:26",4.4,56.479,"66 km SSW of Chirilagua, El Salvador",12.6377,-88.2836
"2023-07-19","03:13",4,51.15,"60 km SSW of Jucuarán, El Salvador",12.7255,-88.3955
"2023-07-18","20:46",5,71.486,"41 km S of Chirilagua, El Salvador",12.842,-88.2108
"2023-07-18","19:58",4,54.676,"68 km SSW of Chirilagua, El Salvador",12.6312,-88.3287
"2023-07-18","19:50",4,64.196,"60 km SSW of Chirilagua, El Salvador",12.6915,-88.2732
"2023-07-18","18:22",6.5,70.808,"43 km S of Intipucá, El Salvador",12.8,-88.0796
"2023-07-08","14:12",4.4,57.565,"43 km SSW of Puerto El Triunfo, El Salvador",12.9018,-88.6628
"2023-06-18","22:45",4.3,77.397,"54 km SSW of Intipucá, El Salvador",12.7318,-88.2198
"2023-06-13","01:36",4.5,50.419,"77 km SSW of Puerto El Triunfo, El Salvador",12.6113,-88.7563
"2023-06-10","19:34",4.4,35,"88 km SSW of Puerto El Triunfo, El Salvador",12.5303,-88.8243
"2023-05-31","20:41",4.1,35,"61 km SSW of Puerto El Triunfo, El Salvador",12.8107,-88.8556
"2023-05-20","19:08",4.3,35,"119 km S of Puerto El Triunfo, El Salvador",12.2038,-88.5896
"2023-05-20","18:30",4.6,46.63,"108 km SSW of Jucuarán, El Salvador",12.2988,-88.4931
"2023-05-19","23:16",4.2,48.47,"100 km S of Puerto El Triunfo, El Salvador",12.3772,-88.5351
"2023-05-17","21:40",4,57.999,"62 km SSW of Chirilagua, El Salvador",12.665,-88.263
"2023-05-06","18:26",4.3,35,"63 km S of Acajutla, El Salvador",13.0209,-89.8704
"2023-05-03","04:03",4.5,45.93,"92 km SSW of Intipucá, El Salvador",12.3857,-88.2693
"2023-04-28","05:20",4.2,43.406,"60 km SSW of Puerto El Triunfo, El Salvador",12.7463,-88.6654
"2023-04-25","02:21",4.1,57.061,"23 km WSW of Acajutla, El Salvador",13.4848,-90.0119
"2023-04-21","01:02",3.9,56.912,"26 km SSE of Acajutla, El Salvador",13.3801,-89.7173
"2023-04-14","09:55",4.4,68.275,"46 km S of El Rosario, El Salvador",13.0811,-89.026
"2023-04-09","00:46",4.3,35,"66 km S of Puerto El Triunfo, El Salvador",12.6921,-88.6609
"2023-04-03","06:36",5,10,"134 km S of La Libertad, El Salvador",12.274,-89.4448
"2023-03-27","06:04",4.4,175.403,"10 km N of Berlín, El Salvador",13.5962,-88.5516
"2023-03-18","13:27",4.3,184.005,"21 km SSE of Sensuntepeque, El Salvador",13.6897,-88.563
"2023-03-16","19:35",4.2,35,"73 km SSW of Acajutla, El Salvador",13.0426,-90.2
"2023-03-12","19:11",4.3,10,"145 km SSW of Acajutla, El Salvador",12.3278,-90.1951
"2023-03-10","08:34",4.1,62.119,"31 km WSW of La Libertad, El Salvador",13.3532,-89.58
"2023-03-05","17:09",4.3,74.989,"61 km S of Intipucá, El Salvador",12.6441,-88.01
"2023-03-04","14:57",4.4,62.95,"41 km S of La Libertad, El Salvador",13.1138,-89.3001
"2023-02-22","20:55",4.3,73.09,"39 km SSW of Chirilagua, El Salvador",12.874,-88.2424
"2023-02-21","22:25",4.3,63.863,"27 km SSE of Acajutla, El Salvador",13.3771,-89.7082
"2023-02-15","16:58",4.3,66.86,"30 km WSW of Acajutla, El Salvador",13.5026,-90.0975
"2023-01-30","03:52",4.9,63.579,"70 km SSW of Chirilagua, El Salvador",12.5936,-88.2741
"2023-01-24","23:15",4.6,71.315,"40 km SSW of Puerto El Triunfo, El Salvador",12.9621,-88.72
"2023-01-19","12:26",4.1,9.693,"5 km NNW of Ahuachapán, El Salvador",13.9676,-89.8728
"2023-01-17","18:20",4.1,62.596,"54 km SW of Jiquilisco, El Salvador",12.9782,-88.9521
"2023-01-16","01:18",4.3,64.038,"42 km SW of La Libertad, El Salvador",13.1731,-89.5441
"2023-01-15","17:07",5.2,10,"7 km NW of Atiquizaya, El Salvador",14.0226,-89.7977
"2022-12-31","12:24",4.3,10,"129 km SSW of Puerto El Triunfo, El Salvador",12.2014,-89.0001
"2022-12-27","19:44",4.5,40.317,"94 km SSW of Acajutla, El Salvador",12.8386,-90.2376
"2022-12-17","10:50",4.7,10,"136 km SSW of Chirilagua, El Salvador",12.0408,-88.5035
"2022-12-15","08:32",5.6,66.834,"40 km S of Puerto El Triunfo, El Salvador",12.9159,-88.5083
"2022-12-06","22:14",4.2,65.99,"41 km SSW of La Libertad, El Salvador",13.1705,-89.5257
"2022-12-04","16:06",4.3,51.779,"84 km S of Acajutla, El Salvador",12.831,-89.8981
"2022-11-29","05:09",4.2,119.395,"El Salvador",13.4791,-89.1418
"2022-11-29","02:56",4.4,48.045,"88 km S of La Libertad, El Salvador",12.6917,-89.4236
"2022-11-20","17:17",4.3,49.978,"65 km S of El Rosario, El Salvador",12.9035,-89.0255
"2022-11-15","10:13",4.5,59.328,"49 km SW of Puerto El Triunfo, El Salvador",12.9857,-88.8906
"2022-11-07","05:42",4.3,170.489,"9 km W of Cojutepeque, El Salvador",13.7033,-89.0171
"2022-11-04","00:30",4.2,45.344,"44 km SW of La Libertad, El Salvador",13.1855,-89.5954
"2022-11-03","22:26",5.7,43,"El Salvador",13.1449,-89.5573
"2022-11-01","07:35",5,10,"110 km SSW of Puerto El Triunfo, El Salvador",12.4505,-89.1116
"2022-10-14","05:19",4.1,60.666,"49 km S of Acajutla, El Salvador",13.1457,-89.8594
"2022-09-30","11:32",5.2,33.453,"106 km SSW of Intipucá, El Salvador",12.2687,-88.3169
"2022-09-24","00:58",4.6,78.827,"35 km SW of Puerto El Triunfo, El Salvador",13.076,-88.799
"2022-09-23","18:14",4,65.066,"36 km SW of La Libertad, El Salvador",13.2283,-89.5369
"2022-09-22","02:31",4,62.192,"32 km SSW of La Libertad, El Salvador",13.2271,-89.4644
"2022-09-14","14:32",4.4,61.755,"9 km S of La Libertad, El Salvador",13.4008,-89.3355
"2022-09-09","03:38",4.3,73.709,"16 km ESE of Acajutla, El Salvador",13.5388,-89.6859
"2022-09-07","04:33",4.2,43.159,"43 km SSW of Acajutla, El Salvador",13.2195,-89.9429
"2022-08-31","21:03",3.7,60.116,"36 km SSE of La Libertad, El Salvador",13.1834,-89.1872
"2022-08-31","01:37",4.4,10,"117 km SSW of Puerto El Triunfo, El Salvador",12.4009,-89.149
"2022-08-19","19:30",4.1,66.303,"46 km SW of Puerto El Triunfo, El Salvador",12.9687,-88.8304
"2022-08-16","21:33",4.2,35,"113 km S of Puerto El Triunfo, El Salvador",12.2544,-88.5134
"2022-08-15","21:44",4.6,60.533,"31 km SW of La Libertad, El Salvador",13.2688,-89.5091
"2022-08-03","00:53",4,10.3,"1 km SW of Tonacatepeque, El Salvador",13.7696,-89.1286
"2022-07-29","07:41",4.3,178.619,"14 km N of Berlín, El Salvador",13.627,-88.5283
"2022-07-28","04:58",4.4,188.667,"11 km WSW of San Alejo, El Salvador",13.3825,-88.0519
"2022-07-18","18:10",4.4,51.469,"78 km S of Acajutla, El Salvador",12.8824,-89.8312
"2022-07-18","03:20",4.3,88.099,"35 km S of Intipucá, El Salvador",12.8805,-88.0175
"2022-07-17","10:53",4.2,9.802,"4 km W of Atiquizaya, El Salvador",13.9849,-89.7953
"2022-07-16","19:05",4.2,68.664,"31 km SSE of La Libertad, El Salvador",13.2122,-89.2473
"2022-07-15","14:40",4.3,41.283,"81 km SSW of La Libertad, El Salvador",12.8285,-89.6603
"2022-07-15","02:41",4.4,10,"1 km N of Ahuachapán, El Salvador",13.9366,-89.8426
"2022-06-25","05:38",4.2,57.8,"98 km S of La Libertad, El Salvador",12.5994,-89.3553
"2022-06-23","08:28",4.3,45.98,"28 km SSW of Acajutla, El Salvador",13.3442,-89.893
"2022-06-13","11:45",4,62.13,"47 km SW of Puerto El Triunfo, El Salvador",12.9827,-88.8586
"2022-06-06","21:34",4,35,"43 km S of La Libertad, El Salvador",13.0986,-89.3785
"2022-05-28","17:28",4.1,10,"142 km SW of Acajutla, El Salvador",12.6264,-90.6972
"2022-05-22","22:17",4.2,189.4,"15 km ESE of San Vicente, El Salvador",13.5799,-88.6672
"2022-05-20","00:25",4.4,66.13,"42 km SSW of El Rosario, El Salvador",13.1241,-89.1201
"2022-05-10","17:58",4.4,10,"133 km S of La Libertad, El Salvador",12.2843,-89.4182
"2022-05-10","00:35",4.7,32.47,"104 km S of La Libertad, El Salvador",12.5435,-89.2516
"2022-04-15","16:53",5,61.4,"58 km SSW of Intipucá, El Salvador",12.6827,-88.1598
"2022-04-13","11:05",4.4,10,"149 km SSW of Acajutla, El Salvador",12.3825,-90.4352
"2022-04-12","21:12",4.3,77.43,"10 km WSW of Acajutla, El Salvador",13.5577,-89.9163
"2022-04-06","12:42",4.6,67.56,"El Salvador",13.4248,-89.4969
"2022-04-06","00:14",4.5,87.13,"57 km SSW of Chirilagua, El Salvador",12.7219,-88.2993
"2022-03-10","18:35",4.5,69.05,"38 km SSW of Puerto El Triunfo, El Salvador",12.9903,-88.7488
"2022-03-08","15:39",4.3,38.21,"94 km SSW of Chirilagua, El Salvador",12.412,-88.4138
"2022-02-21","01:14",4.1,61.43,"61 km SSW of Chirilagua, El Salvador",12.6992,-88.3391
"2022-02-20","03:38",4,10,"94 km SSW of Acajutla, El Salvador",12.8635,-90.2788
"2022-02-18","13:51",4.4,10,"106 km S of La Libertad, El Salvador",12.5294,-89.441
"2022-02-17","17:36",5.2,67.15,"25 km SSE of Intipucá, El Salvador",12.9776,-87.9881
"2022-02-15","13:19",4.4,58.51,"59 km SSE of Acajutla, El Salvador",13.0789,-89.6786
"2022-02-14","17:04",4.3,110.83,"5 km NW of Acajutla, El Salvador",13.633,-89.8561
"2022-02-14","05:40",4.3,54.15,"76 km SW of Acajutla, El Salvador",13.1617,-90.3791
"2022-02-03","10:17",4.5,10,"114 km SSW of Puerto El Triunfo, El Salvador",12.2802,-88.808
"2022-02-01","04:00",4.4,84.82,"49 km SSW of El Rosario, El Salvador",13.0702,-89.1609
"2022-01-28","21:19",4.9,75.9,"26 km SSW of Puerto El Triunfo, El Salvador",13.0669,-88.6482
"2022-01-15","06:50",4.6,75.45,"61 km SSW of El Rosario, El Salvador",12.9564,-89.1418
"2021-12-18","16:15",4.1,103.46,"11 km SSW of Puerto El Triunfo, El Salvador",13.1841,-88.5923
"2021-12-18","00:12",4.5,53.52,"57 km S of Puerto El Triunfo, El Salvador",12.7677,-88.6304
"2021-12-13","17:40",4.5,59.85,"47 km SW of Puerto El Triunfo, El Salvador",12.9439,-88.815
"2021-12-04","12:44",4.9,10,"105 km S of La Libertad, El Salvador",12.5463,-89.4998
"2021-12-01","16:30",4.7,10,"98 km S of La Libertad, El Salvador",12.6013,-89.3991
"2021-12-01","02:21",4.4,59.79,"63 km SSW of Puerto El Triunfo, El Salvador",12.7537,-88.7813
"2021-11-24","04:55",4.1,42.97,"71 km SSW of Acajutla, El Salvador",13.0364,-90.1722
"2021-11-22","23:56",5.5,18,"81 km SW of Acajutla, El Salvador",12.9871,-90.2559
"2021-11-17","13:01",4.9,98.56,"3 km NNE of San Francisco Menéndez, El Salvador",13.8748,-90.0032
"2021-11-17","11:48",4.5,64.28,"50 km SSW of Chirilagua, El Salvador",12.795,-88.3131
"2021-11-16","00:18",4.2,34.32,"88 km SW of Acajutla, El Salvador",13.0753,-90.454
"2021-11-08","11:45",4.5,71.01,"38 km SSE of La Libertad, El Salvador",13.1663,-89.1787
"2021-11-05","23:04",4.3,60.57,"14 km WSW of Acajutla, El Salvador",13.5375,-89.9507
"2021-11-01","01:37",4.4,66.91,"48 km SSW of Puerto El Triunfo, El Salvador",12.8801,-88.721
"2021-10-15","17:02",4.2,52.65,"40 km S of La Libertad, El Salvador",13.1216,-89.2843
"2021-10-07","15:45",4.4,10,"164 km S of La Libertad, El Salvador",12.0099,-89.5197
"2021-10-07","10:11",4.2,58.8,"64 km SSW of Chirilagua, El Salvador",12.6761,-88.3544
"2021-09-26","22:36",4,46.8,"36 km S of Acajutla, El Salvador",13.2717,-89.7633
"2021-09-26","15:15",4,35,"43 km SSE of Acajutla, El Salvador",13.2423,-89.6474
"2021-09-18","08:43",5,61.58,"27 km SW of La Libertad, El Salvador",13.342,-89.527
"2021-09-07","20:00",4.5,41.87,"42 km S of Acajutla, El Salvador",13.208,-89.8797
"2021-09-02","19:25",4.4,73.78,"34 km WSW of La Libertad, El Salvador",13.3499,-89.603
"2021-08-26","23:02",4.2,61.3,"47 km S of Puerto El Triunfo, El Salvador",12.8558,-88.5836
"2021-08-26","01:50",4,10,"148 km SSW of Puerto El Triunfo, El Salvador",12.0261,-89.0331
"2021-08-25","23:58",4.1,54.12,"59 km S of El Rosario, El Salvador",12.9565,-89.0417
"2021-08-18","06:31",4.6,39.23,"99 km SSW of Puerto El Triunfo, El Salvador",12.5057,-89.0087
"2021-08-18","06:12",4.6,40.03,"103 km SSW of Puerto El Triunfo, El Salvador",12.4564,-88.9973
"2021-08-14","03:35",4.1,10,"96 km SW of Acajutla, El Salvador",12.9623,-90.4463
"2021-08-10","02:02",4.5,86.13,"El Salvador",13.451,-89.4562
"2021-08-06","16:09",4.3,35,"68 km SW of Acajutla, El Salvador",13.1542,-90.2787
"2021-07-23","22:51",4.6,61.61,"50 km SW of Puerto El Triunfo, El Salvador",12.9709,-88.89
"2021-07-23","16:13",4.2,87.84,"20 km SSW of Puerto El Triunfo, El Salvador",13.1093,-88.6263
"2021-07-10","22:52",4.1,48.32,"34 km S of Acajutla, El Salvador",13.2819,-89.8218
"2021-07-08","14:31",5.3,35,"64 km SSW of Acajutla, El Salvador",13.0686,-90.0914
"2021-07-01","00:02",4,35,"60 km SSW of Acajutla, El Salvador",13.0687,-89.9881
"2021-06-28","18:00",4.6,68.43,"El Salvador",13.1536,-89.2955
"2021-06-22","00:26",4.8,63.71,"48 km SW of Acajutla, El Salvador",13.2982,-90.1596
"2021-06-15","16:42",4.1,48.92,"41 km SW of La Libertad, El Salvador",13.2135,-89.5843
"2021-06-15","11:22",4,66.61,"46 km SSE of Puerto El Triunfo, El Salvador",12.8737,-88.451
"2021-05-29","09:29",4.4,174.57,"20 km SSE of Conchagua, El Salvador",13.1364,-87.7888
"2021-05-20","21:04",4.4,35,"67 km SW of Puerto El Triunfo, El Salvador",12.7854,-88.9088
"2021-05-19","10:40",4.3,59.43,"66 km SSW of Chirilagua, El Salvador",12.6301,-88.2667
"2021-05-12","02:45",6,22,"55 km SW of Acajutla, El Salvador",13.2742,-90.2266
"2021-05-12","00:17",5.6,22,"69 km WSW of Acajutla, El Salvador",13.2677,-90.3766
"2021-05-10","19:48",4.4,35,"79 km SSW of Acajutla, El Salvador",12.9755,-90.2118
"2021-04-28","01:43",4,52.85,"35 km SSE of La Libertad, El Salvador",13.1877,-89.2129
"2021-04-24","07:36",4.2,105.02,"16 km ESE of Acajutla, El Salvador",13.5543,-89.6822
"2021-04-20","09:52",4.4,73.46,"22 km WSW of Acajutla, El Salvador",13.4921,-90.0035
"2021-03-25","22:06",4.9,44.05,"77 km SW of Acajutla, El Salvador",13.1014,-90.3405
"2021-03-25","02:13",4.8,50.52,"32 km S of Acajutla, El Salvador",13.2994,-89.8506
"2021-03-24","06:35",4.6,35,"91 km S of Acajutla, El Salvador",12.765,-89.7838
"2021-03-19","02:46",4.4,10,"114 km S of La Libertad, El Salvador",12.4531,-89.2766
"2021-03-15","03:53",4.5,53.16,"99 km S of La Libertad, El Salvador",12.5913,-89.2338
"2021-03-05","22:10",4.5,10,"99 km SSW of Acajutla, El Salvador",12.786,-90.237
"2021-02-27","17:01",4.2,10,"128 km SW of Acajutla, El Salvador",12.6687,-90.5437
"2021-02-10","02:47",5,86.91,"35 km SSW of Puerto El Triunfo, El Salvador",13.0099,-88.7296
"2021-02-10","02:42",4.4,66.21,"43 km SW of Jiquilisco, El Salvador",13.0493,-88.8754
"2021-02-03","04:37",4.7,61.75,"91 km SSW of Puerto El Triunfo, El Salvador",12.5008,-88.8295
"2021-02-01","11:29",4.2,52.37,"53 km SSW of Chirilagua, El Salvador",12.7679,-88.3242
"2021-01-29","23:35",4.9,69.4,"55 km S of Intipucá, El Salvador",12.6924,-88.0365
"2021-01-22","10:00",4.4,81.04,"43 km SW of La Libertad, El Salvador",13.1834,-89.5811
"2021-01-17","22:04",4.2,77.45,"1 km SSE of La Libertad, El Salvador",13.4748,-89.3165
"2021-01-15","11:09",4.5,69.52,"44 km SSW of Puerto El Triunfo, El Salvador",12.9369,-88.7633
"2020-12-12","11:23",4.1,53.06,"55 km S of Intipucá, El Salvador",12.7017,-87.9704
"2020-12-08","16:39",4.4,57.14,"69 km SSW of Acajutla, El Salvador",13.0583,-90.1633
"2020-11-24","12:40",4.8,56.67,"64 km SSW of Intipucá, El Salvador",12.6447,-88.2374
"2020-11-07","20:47",4.1,44.64,"41 km S of Jucuarán, El Salvador",12.8819,-88.3106
"2020-10-29","13:01",4.6,56.17,"53 km SW of San Francisco Menéndez, El Salvador",13.4891,-90.3485
"2020-10-22","01:55",4.3,236.17,"9 km W of Jocoro, El Salvador",13.6017,-88.1045
"2020-10-09","18:59",4.3,62.13,"27 km SSW of San Francisco Menéndez, El Salvador",13.6273,-90.1327
"2020-10-07","21:18",4.6,10,"102 km SSW of Puerto El Triunfo, El Salvador",12.4155,-88.8868
"2020-09-30","18:24",4.5,59.17,"77 km SSW of Intipucá, El Salvador",12.5272,-88.2665
"2020-09-29","00:44",4.5,35,"104 km SSW of Puerto El Triunfo, El Salvador",12.364,-88.7739
"2020-09-23","14:42",4.6,35,"68 km SSW of Acajutla, El Salvador",13.0288,-90.081
"2020-09-19","16:23",3.2,10,"11 km W of Santa Tecla, El Salvador",13.6888,-89.3847
"2020-09-19","07:32",4.4,67.3,"36 km SW of Puerto El Triunfo, El Salvador",13.0447,-88.7889
"2020-09-04","21:09",4.1,62.22,"88 km SSW of Puerto El Triunfo, El Salvador",12.52,-88.786
"2020-08-23","04:06",4.5,10,"109 km SSW of Puerto El Triunfo, El Salvador",12.3152,-88.7772
"2020-08-22","16:17",4.6,10,"112 km S of Puerto El Triunfo, El Salvador",12.2814,-88.7464
"2020-08-18","08:11",4.3,35,"79 km SSW of Acajutla, El Salvador",12.9674,-90.19
"2020-08-17","15:59",4.3,64.65,"43 km WSW of Acajutla, El Salvador",13.3778,-90.1685
"2020-08-17","13:32",4.8,76.06,"55 km S of Intipucá, El Salvador",12.6988,-88.0661
"2020-08-16","03:19",4.7,95.73,"21 km S of Puerto El Triunfo, El Salvador",13.092,-88.5287
"2020-08-11","21:25",4.9,48.41,"60 km SSW of Intipucá, El Salvador",12.6804,-88.2397
"2020-07-27","23:49",4.2,59,"61 km SSW of Chirilagua, El Salvador",12.6928,-88.3237
"2020-07-20","13:09",4.2,35,"86 km SSW of Puerto El Triunfo, El Salvador",12.6341,-88.9915
"2020-07-14","02:25",4.6,79.89,"30 km SSW of Puerto El Triunfo, El Salvador",13.0201,-88.6385
"2020-07-13","08:12",4.3,75.66,"23 km SSW of La Libertad, El Salvador",13.2895,-89.3889
"2020-07-11","20:11",4.2,61.85,"77 km S of El Rosario, El Salvador",12.801,-89.1355
"2020-07-03","20:03",4.5,35,"96 km SSW of Puerto El Triunfo, El Salvador",12.5068,-88.9465
"2020-06-30","08:45",4.6,35,"87 km S of La Libertad, El Salvador",12.6938,-89.3434
"2020-06-26","01:41",4.2,173.86,"3 km WSW of San Sebastián, El Salvador",13.7185,-88.866
"2020-06-04","01:30",4.3,105.57,"17 km SSW of Concepción Batres, El Salvador",13.1966,-88.4011
"2020-06-02","20:56",4,41.15,"50 km SSE of La Libertad, El Salvador",13.0463,-89.2003
"2020-05-31","19:00",4.7,70.46,"34 km S of Puerto El Triunfo, El Salvador",12.9763,-88.565
"2020-05-28","22:43",4.2,74.4,"35 km SSE of La Libertad, El Salvador",13.1953,-89.1828
"2020-05-12","12:50",4.2,69.18,"63 km S of Intipucá, El Salvador",12.6276,-88.0808
"2020-05-08","12:16",4.4,63.15,"52 km S of Acajutla, El Salvador",13.1194,-89.7653
"2020-05-08","08:08",4.5,72.84,"18 km SW of Puerto El Triunfo, El Salvador",13.1673,-88.6681
"2020-05-05","05:03",4.7,202.67,"2 km SE of Chinameca, El Salvador",13.4865,-88.3318
"2020-04-24","08:16",4.3,65.92,"45 km SW of La Libertad, El Salvador",13.2116,-89.6285
"2020-04-09","22:47",4.3,69.23,"36 km S of Puerto El Triunfo, El Salvador",12.9507,-88.5381
"2020-04-09","01:02",4.2,67.06,"54 km SSW of Chirilagua, El Salvador",12.7421,-88.2586
"2020-03-28","21:00",4.2,75.03,"31 km S of El Rosario, El Salvador",13.2197,-89.0754
"2020-03-18","12:16",4.1,116.91,"17 km W of La Libertad, El Salvador",13.4845,-89.4794
"2020-03-10","08:11",4.4,35,"88 km SSW of La Libertad, El Salvador",12.772,-89.68
"2020-03-09","15:22",4.3,71.9,"34 km S of Intipucá, El Salvador",12.8932,-88.0041
"2020-02-27","14:55",4.4,35,"64 km SSW of Puerto El Triunfo, El Salvador",12.772,-88.826
"2020-02-14","14:16",4.9,75.67,"46 km SSE of Puerto El Triunfo, El Salvador",12.8738,-88.4638
"2020-02-14","01:53",4.4,10,"117 km S of La Libertad, El Salvador",12.4279,-89.341
"2020-02-10","20:30",4.4,35,"55 km SSW of La Libertad, El Salvador",13.0087,-89.4826
"2020-02-10","00:35",4.2,35,"85 km SSW of Acajutla, El Salvador",12.8901,-90.1535
"2020-02-09","02:29",4.8,66.6,"41 km S of El Rosario, El Salvador",13.1313,-89.1022
"2020-02-07","17:07",4.2,45.48,"45 km SSW of El Rosario, El Salvador",13.0967,-89.1207
"2020-02-02","19:25",4.2,66.54,"48 km S of Puerto El Triunfo, El Salvador",12.8467,-88.5772
"2020-01-10","10:00",4.8,52.62,"54 km S of Puerto El Triunfo, El Salvador",12.7937,-88.6222
"2020-01-07","15:31",4.3,77.99,"32 km S of El Rosario, El Salvador",13.2026,-89.0175
"2020-01-07","00:28",4.2,51.31,"32 km S of Acajutla, El Salvador",13.3017,-89.8546
"2020-01-05","20:12",4.1,35,"73 km S of Puerto El Triunfo, El Salvador",12.6211,-88.4858
"2020-01-01","21:35",4.6,51.52,"63 km S of Intipucá, El Salvador",12.628,-88.13
"2019-12-25","00:38",4.4,70.78,"45 km S of Puerto El Triunfo, El Salvador",12.8736,-88.4862
"2019-12-23","18:19",4.4,75.34,"18 km SW of La Libertad, El Salvador",13.3662,-89.4334
"2019-12-22","20:51",4,102.73,"2 km N of San Francisco Menéndez, El Salvador",13.8626,-90.0161
"2019-12-21","11:47",4.5,81.27,"27 km SW of Puerto El Triunfo, El Salvador",13.1106,-88.7354
"2019-12-14","01:27",4.5,10,"99 km SW of Acajutla, El Salvador",12.9159,-90.4331
"2019-12-05","23:01",4.2,68.28,"42 km SSW of La Libertad, El Salvador",13.1636,-89.5291
"2019-12-03","07:37",4.9,49.37,"55 km S of Puerto El Triunfo, El Salvador",12.7846,-88.5609
"2019-11-29","06:56",4.1,130.34,"7 km NW of Santa Tecla, El Salvador",13.7352,-89.3216
"2019-11-24","23:41",4.1,64.84,"48 km S of El Rosario, El Salvador",13.0676,-88.9639
"2019-11-23","09:56",4.6,44.26,"95 km SSW of Intipucá, El Salvador",12.3509,-88.2483
"2019-11-22","16:32",3.9,10,"4 km SW of Tecoluca, El Salvador",13.7591,-89.0377
"2019-11-21","21:53",4.3,69.98,"41 km SSW of Puerto El Triunfo, El Salvador",12.9588,-88.739
"2019-11-20","20:08",4,73.27,"26 km SSW of El Rosario, El Salvador",13.272,-89.0992
"2019-11-18","05:21",3.5,10,"0 km WSW of Nuevo Cuscatlán, El Salvador",13.6471,-89.2683
"2019-11-16","22:19",3.4,10,"10 km W of Santa Tecla, El Salvador",13.6906,-89.376
"2019-11-12","15:35",5.1,60.26,"39 km S of Puerto El Triunfo, El Salvador",12.9265,-88.4934
"2019-11-12","07:57",3.8,10,"1 km ENE of Ayutuxtepeque, El Salvador",13.74,-89.1921
"2019-11-11","10:03",4.6,35,"80 km S of Intipucá, El Salvador",12.4739,-88.1507
"2019-10-27","08:17",4.6,24.01,"91 km S of Acajutla, El Salvador",12.7675,-89.89
"2019-10-25","09:02",4.6,64.61,"80 km SSW of Chirilagua, El Salvador",12.5128,-88.3299
"2019-10-21","02:55",4.7,41.15,"63 km SW of Acajutla, El Salvador",13.2,-90.2509
"2019-10-12","20:53",4.5,35,"81 km S of Acajutla, El Salvador",12.8542,-89.8563
"2019-10-10","16:05",4.4,35,"72 km S of Acajutla, El Salvador",12.9376,-89.8814
"2019-10-04","11:55",4.1,74.24,"47 km SSW of La Libertad, El Salvador",13.0907,-89.4853
"2019-09-30","21:06",4.3,68.12,"41 km S of La Libertad, El Salvador",13.1092,-89.333
"2019-09-29","19:03",4.4,10,"105 km SSW of Acajutla, El Salvador",12.7325,-90.2424
"2019-09-29","17:08",4.2,10,"98 km SSW of Acajutla, El Salvador",12.8016,-90.2499
"2019-09-29","15:00",5.2,10,"91 km SSW of Acajutla, El Salvador",12.8691,-90.2389
"2019-09-29","14:25",4.5,10,"98 km SSW of Acajutla, El Salvador",12.8181,-90.2825
"2019-09-20","06:16",4.4,35,"87 km SSW of Intipucá, El Salvador",12.443,-88.2866
"2019-09-10","08:16",5,62.5,"49 km SSW of Puerto El Triunfo, El Salvador",12.9014,-88.7959
"2019-09-06","07:28",4.9,57.54,"39 km SSW of Puerto El Triunfo, El Salvador",12.9688,-88.7285
"2019-09-05","11:09",4.5,35,"70 km SSW of Puerto El Triunfo, El Salvador",12.6952,-88.7892
"2019-08-27","09:58",4.7,44.4,"85 km S of Puerto El Triunfo, El Salvador",12.5183,-88.6667
"2019-08-17","18:17",4.4,10,"146 km SSW of Acajutla, El Salvador",12.3384,-90.2599
"2019-08-09","11:03",4.5,63.72,"41 km SSW of La Libertad, El Salvador",13.1355,-89.448
"2019-07-30","23:54",5.9,43,"38 km SSW of La Libertad, El Salvador",13.1476,-89.3951
"2019-07-29","11:44",4.5,35,"56 km SSW of La Libertad, El Salvador",13.0135,-89.5053
"2019-07-09","21:05",4.8,54.02,"48 km SSW of La Libertad, El Salvador",13.0929,-89.5139
"2019-06-14","11:15",3.9,31.27,"51 km SSE of Acajutla, El Salvador",13.1426,-89.6941
"2019-06-10","03:12",5.1,72.37,"25 km S of Puerto El Triunfo, El Salvador",13.0499,-88.5673
"2019-06-08","23:52",4.1,68.58,"41 km SSW of Puerto El Triunfo, El Salvador",12.9651,-88.7596
"2019-06-02","14:01",4.3,51.86,"50 km SSW of La Libertad, El Salvador",13.0737,-89.5109
"2019-05-31","19:44",4.5,56.84,"48 km S of La Libertad, El Salvador",13.053,-89.3427
"2019-05-30","16:36",4.2,70.19,"39 km S of La Libertad, El Salvador",13.1313,-89.3549
"2019-05-30","05:07",4.2,35.87,"45 km SSW of La Libertad, El Salvador",13.0856,-89.4044
"2019-05-30","04:21",4.2,51.76,"38 km S of La Libertad, El Salvador",13.1411,-89.346
"2019-05-30","03:03",6.6,57.92,"32 km S of La Libertad, El Salvador",13.1994,-89.3056
"2019-05-25","16:00",4,90.38,"15 km WNW of La Libertad, El Salvador",13.5543,-89.4489
"2019-05-16","16:30",4.8,10,"151 km SSW of Puerto El Triunfo, El Salvador",12.0142,-89.0699
"2019-05-15","19:14",4.3,49.48,"52 km SSW of La Libertad, El Salvador",13.0539,-89.5153
"2019-05-10","20:00",4.3,10,"89 km SSW of Acajutla, El Salvador",12.9024,-90.2605
"2019-05-05","14:12",4.6,73.3,"54 km S of Puerto El Triunfo, El Salvador",12.7893,-88.5215
"2019-04-13","21:32",4.3,102.29,"15 km S of San Francisco Menéndez, El Salvador",13.6993,-90.0088
"2019-04-12","17:16",4.3,10,"111 km S of La Libertad, El Salvador",12.4853,-89.2558
"2019-04-12","01:55",4.4,10,"89 km SW of Acajutla, El Salvador",12.9276,-90.2952
"2019-04-11","20:04",4.4,10,"118 km SW of Puerto El Triunfo, El Salvador",12.4268,-89.2005
"2019-04-10","12:16",4.3,53.89,"44 km SW of Puerto El Triunfo, El Salvador",12.9826,-88.8174
"2019-04-09","06:34",4.3,35,"52 km SSW of Puerto El Triunfo, El Salvador",12.8683,-88.7789
"2019-04-08","16:25",5,35,"105 km S of La Libertad, El Salvador",12.5442,-89.1985
"2019-04-05","03:08",4.4,59.64,"49 km SW of La Libertad, El Salvador",13.173,-89.65
"2019-04-03","03:24",4.4,26.9,"97 km S of La Libertad, El Salvador",12.606,-89.3292
"2019-04-02","14:49",4.4,50.36,"52 km WSW of Acajutla, El Salvador",13.3391,-90.2345
"2019-03-28","22:07",4.6,10,"144 km S of La Libertad, El Salvador",12.1848,-89.3492
"2019-03-27","21:35",4.4,10,"118 km S of La Libertad, El Salvador",12.4187,-89.2833
"2019-03-27","17:48",4.6,10,"107 km SW of Puerto El Triunfo, El Salvador",12.5169,-89.1644
"2019-03-26","13:07",4.7,10,"117 km S of La Libertad, El Salvador",12.426,-89.2513
"2019-03-26","09:28",4.6,10,"112 km S of La Libertad, El Salvador",12.4705,-89.2804
"2019-03-26","09:26",4.8,10,"99 km SW of Puerto El Triunfo, El Salvador",12.5638,-89.095
"2019-03-26","09:01",4.9,10,"105 km SW of Puerto El Triunfo, El Salvador",12.548,-89.1671
"2019-03-26","06:01",5.5,8,"104 km S of La Libertad, El Salvador",12.5488,-89.1992
"2019-03-20","16:32",4.3,35,"65 km SSW of La Libertad, El Salvador",12.9119,-89.4558
"2019-03-16","08:54",4.2,110.72,"28 km S of Intipucá, El Salvador",12.9373,-88.0812
"2019-02-28","20:01",4.5,200.8,"14 km WSW of Sesori, El Salvador",13.6651,-88.4866
"2019-02-24","17:58",4.5,53.65,"59 km S of Puerto El Triunfo, El Salvador",12.7449,-88.513
"2019-02-23","21:07",4.5,35,"101 km S of La Libertad, El Salvador",12.5784,-89.2273
"2019-02-21","02:52",4.1,57.55,"19 km SE of Acajutla, El Salvador",13.4554,-89.7095
"2019-02-09","04:03",4.2,10,"130 km SW of Puerto El Triunfo, El Salvador",12.3094,-89.2313
"2019-01-30","22:40",5,191.85,"0 km S of Chinameca, El Salvador",13.4929,-88.3489
"2019-01-29","16:52",4.5,68.4,"42 km SSW of Chirilagua, El Salvador",12.8627,-88.2812
"2019-01-24","10:20",4.6,79.45,"58 km S of El Rosario, El Salvador",12.9743,-89.0867
"2019-01-18","21:12",4.3,10,"120 km SW of Puerto El Triunfo, El Salvador",12.3847,-89.1796
"2019-01-15","09:40",4.2,87.2,"40 km SSE of Intipucá, El Salvador",12.8579,-87.9115
"2019-01-05","05:19",4.6,75.48,"41 km SSW of Puerto El Triunfo, El Salvador",12.9217,-88.6519
"2018-12-27","20:51",4.9,35,"94 km SSW of Chirilagua, El Salvador",12.401,-88.3702
"2018-12-27","20:20",4.8,46,"91 km SSW of Chirilagua, El Salvador",12.4255,-88.3785
"2018-12-27","18:49",4.3,76.5,"12 km SSW of Acajutla, El Salvador",13.5005,-89.8858
"2018-12-06","22:01",4.1,77.63,"30 km SSW of El Rosario, El Salvador",13.2613,-89.1663
"2018-12-03","03:07",4.5,42.53,"94 km S of Puerto El Triunfo, El Salvador",12.4372,-88.6838
"2018-11-26","22:30",4.6,20.58,"77 km SW of Acajutla, El Salvador",13.0906,-90.3299
"2018-11-26","19:39",4.4,10,"87 km SW of Acajutla, El Salvador",12.9834,-90.3474
"2018-11-23","20:58",4,54.54,"26 km SW of La Libertad, El Salvador",13.302,-89.4724
"2018-11-13","04:26",4.4,186.11,"5 km ENE of Lolotique, El Salvador",13.5673,-88.3024
"2018-11-12","08:12",4.5,35,"75 km SW of Acajutla, El Salvador",13.1132,-90.3224
"2018-11-09","08:22",3.6,10,"7 km SSE of Atiquizaya, El Salvador",13.9195,-89.7207
"2018-11-07","04:21",4.7,10,"100 km SW of Acajutla, El Salvador",13.0038,-90.5287
"2018-11-05","13:39",4.5,10,"88 km SW of Acajutla, El Salvador",13.0354,-90.4154
"2018-11-05","01:27",4.5,28.75,"94 km SSW of Puerto El Triunfo, El Salvador",12.5075,-88.9073
"2018-11-02","03:12",4.3,35,"57 km S of La Libertad, El Salvador",12.9693,-89.3704
"2018-10-31","18:36",4.2,17.77,"78 km SW of Acajutla, El Salvador",13.0888,-90.3323
"2018-10-28","16:23",6.1,22,"85 km SW of Acajutla, El Salvador",13.0346,-90.3687
"2018-10-28","16:21",4.1,65.84,"49 km WSW of Acajutla, El Salvador",13.4508,-90.2628
"2018-10-28","05:44",4.3,60.01,"30 km WSW of Acajutla, El Salvador",13.4992,-90.0928
"2018-10-23","17:38",4.5,48.47,"46 km SSW of La Libertad, El Salvador",13.0821,-89.4387
"2018-10-19","21:58",4.3,35,"100 km SW of Puerto El Triunfo, El Salvador",12.5754,-89.1323
"2018-10-10","13:48",4.3,57.68,"37 km SSW of Chirilagua, El Salvador",12.902,-88.2545
"2018-10-06","18:26",4.9,55.04,"63 km SSW of Intipucá, El Salvador",12.6527,-88.2276
"2018-09-30","11:13",4.5,35,"79 km SW of Acajutla, El Salvador",13.0844,-90.3511
"2018-09-24","12:51",4.4,10,"130 km S of La Libertad, El Salvador",12.3191,-89.4837
"2018-09-12","09:35",4.7,10,"9 km SSE of Conchagua, El Salvador",13.2268,-87.83
"2018-09-12","04:12",4.3,24.56,"20 km S of Conchagua, El Salvador",13.1233,-87.8515
"2018-09-05","23:07",4.3,10,"88 km SSW of Acajutla, El Salvador",12.9106,-90.2493
"2018-08-23","16:42",4.4,35,"68 km S of La Libertad, El Salvador",12.8721,-89.2252
"2018-08-19","01:20",4.2,62.17,"51 km SSW of Intipucá, El Salvador",12.7634,-88.2149
"2018-08-16","18:03",4.3,53.77,"39 km S of Acajutla, El Salvador",13.2408,-89.8666
"2018-08-08","18:25",5,13.49,"131 km S of La Libertad, El Salvador",12.3039,-89.3698
"2018-07-28","14:46",4.2,149.37,"6 km W of San Agustín, El Salvador",13.4384,-88.6606
"2018-07-27","14:42",5.3,45.13,"57 km SSW of Intipucá, El Salvador",12.6931,-88.1963
"2018-07-26","03:36",4.2,56.03,"29 km S of Acajutla, El Salvador",13.3263,-89.8619
"2018-07-24","04:51",4.8,92.11,"30 km S of Intipucá, El Salvador",12.9221,-88.0048
"2018-07-15","00:58",4.3,56.12,"84 km SSW of Puerto El Triunfo, El Salvador",12.597,-88.8966
"2018-07-12","01:56",4.6,48.44,"45 km SSW of La Libertad, El Salvador",13.1317,-89.5236
"2018-07-09","01:11",4.7,196.12,"5 km S of Jucuapa, El Salvador",13.4702,-88.3914
"2018-07-03","04:32",4,81.76,"35 km S of La Libertad, El Salvador",13.172,-89.3409
"2018-07-02","15:58",4.3,151.43,"8 km SE of Intipucá, El Salvador",13.1416,-87.9936
"2018-06-26","18:13",4.5,10,"95 km SSW of Puerto El Triunfo, El Salvador",12.5432,-88.9987
"2018-06-23","15:54",4.5,40.44,"92 km SSW of Puerto El Triunfo, El Salvador",12.4941,-88.8351
"2018-06-04","10:11",4.3,35,"84 km SW of Acajutla, El Salvador",13.1271,-90.4483
"2018-05-30","13:35",4.3,10,"10 km NE of Intipucá, El Salvador",13.2528,-87.9803
"2018-05-26","13:16",4.4,76.28,"45 km SSW of Jucuarán, El Salvador",12.8807,-88.4142
"2018-05-26","01:22",4.4,58.2,"72 km SSW of Acajutla, El Salvador",12.9552,-89.9677
"2018-05-22","05:54",4.2,76.69,"8 km SSW of La Libertad, El Salvador",13.4178,-89.3578
"2018-05-18","00:04",4.5,10,"94 km SSW of La Libertad, El Salvador",12.7298,-89.722
"2018-05-13","09:47",4.3,76.62,"38 km SSW of Puerto El Triunfo, El Salvador",12.9892,-88.7418
"2018-05-08","17:07",4.7,10,"11 km W of Conchagua, El Salvador",13.3045,-87.9683
"2018-05-08","08:09",4.1,10,"9 km NNE of Intipucá, El Salvador",13.283,-88.0334
"2018-05-07","00:57",4.6,35,"75 km SW of Acajutla, El Salvador",13.031,-90.2228
"2018-05-06","13:02",5.4,10,"10 km S of Intipucá, El Salvador",13.1036,-88.0615
"2018-05-06","12:58",4.5,10,"11 km S of San Alejo, El Salvador",13.3319,-87.9657
"2018-05-06","11:43",4.5,10,"13 km NE of Chirilagua, El Salvador",13.3173,-88.0681
"2018-05-06","09:02",4.4,10,"13 km NNE of Intipucá, El Salvador",13.3041,-87.9997
"2018-05-06","08:52",4.8,10,"4 km NW of Intipucá, El Salvador",13.2253,-88.0851
"2018-05-06","08:37",4.3,10,"10 km NE of Intipucá, El Salvador",13.2519,-87.9776
"2018-05-06","06:44",5.2,10,"10 km WSW of Conchagua, El Salvador",13.2731,-87.9546
"2018-05-06","06:37",5.2,10,"3 km NE of Intipucá, El Salvador",13.2236,-88.0338
"2018-05-05","22:58",4.9,10,"2 km ESE of Conchagua, El Salvador",13.3024,-87.8448
"2018-05-05","22:04",4.4,10,"9 km SW of Conchagua, El Salvador",13.2584,-87.9387
"2018-05-02","09:17",4.4,70.8,"59 km SSW of Chirilagua, El Salvador",12.7118,-88.3073
"2018-04-29","22:10",4.3,78.03,"29 km S of La Libertad, El Salvador",13.2208,-89.2951
"2018-04-27","19:23",4.1,45.03,"93 km SSW of Intipucá, El Salvador",12.367,-88.2385
"2018-04-27","16:42",4.3,64.72,"32 km SSW of El Rosario, El Salvador",13.2211,-89.1392
"2018-04-03","10:00",4.8,64.85,"36 km SW of Puerto El Triunfo, El Salvador",13.0609,-88.7998
"2018-04-02","19:16",4.2,63.64,"31 km SW of Puerto El Triunfo, El Salvador",13.0969,-88.7736
"2018-04-02","17:23",5.9,50,"24 km SW of Puerto El Triunfo, El Salvador",13.1086,-88.6821
"2018-03-26","02:25",4.4,84.94,"24 km SW of La Libertad, El Salvador",13.3514,-89.5049
"2018-03-20","18:00",4,52.33,"35 km S of El Rosario, El Salvador",13.1827,-89.0803
"2018-03-19","08:05",4.3,10,"74 km S of Acajutla, El Salvador",12.9261,-89.9267
"2018-03-03","23:01",4.5,69.61,"23 km S of La Libertad, El Salvador",13.2777,-89.2946
"2018-02-23","19:50",4.9,68.39,"51 km SSW of Intipucá, El Salvador",12.742,-88.1532
"2018-02-21","09:55",4.4,35,"76 km SSW of Puerto El Triunfo, El Salvador",12.6388,-88.7957
"2018-02-19","14:54",4.5,10,"126 km S of La Libertad, El Salvador",12.3595,-89.5239
"2018-02-17","00:29",4.3,60.21,"39 km S of Puerto El Triunfo, El Salvador",12.9298,-88.5149
"2018-02-16","05:43",4.8,37.32,"70 km SW of Acajutla, El Salvador",13.0615,-90.1917
"2018-02-16","05:01",5,59.69,"50 km S of Intipucá, El Salvador",12.7414,-88.0889
"2018-02-16","03:28",4.2,10,"87 km SSW of Acajutla, El Salvador",12.92,-90.2475
"2018-02-11","23:29",4.5,10,"126 km SSW of Puerto El Triunfo, El Salvador",12.1923,-88.9012
"2018-02-11","18:49",4.2,34.58,"120 km S of Puerto El Triunfo, El Salvador",12.1952,-88.6338
"2018-02-05","13:28",4.3,62.89,"51 km S of El Rosario, El Salvador",13.0373,-89.0522
"2018-02-05","04:10",4.4,60.85,"36 km SSW of El Rosario, El Salvador",13.1901,-89.1613
"2018-02-02","19:02",4.3,4,"7 km ENE of Ilopango, El Salvador",13.7165,-89.0373
"2018-01-16","02:24",4.9,10,"130 km SSW of La Libertad, El Salvador",12.3356,-89.5786
"2018-01-12","19:43",4.1,66.36,"38 km SW of Puerto El Triunfo, El Salvador",13.054,-88.8193
"2018-01-12","16:11",4.8,118.8,"4 km N of Armenia, El Salvador",13.7872,-89.4963
"2018-01-11","22:23",4.6,35,"82 km SSW of Puerto El Triunfo, El Salvador",12.5833,-88.8069
"2018-01-11","12:19",4.2,10,"1 km NNE of Tonacatepeque, El Salvador",13.7936,-89.1152
"2018-01-07","02:55",5.3,52.25,"54 km S of Intipucá, El Salvador",12.713,-88.1447
"2018-01-03","07:38",5.2,73.5,"32 km S of La Libertad, El Salvador",13.1978,-89.2796
"2017-12-29","16:12",4.5,62.7,"44 km S of Puerto El Triunfo, El Salvador",12.8869,-88.5938
"2017-12-07","10:03",4.4,178.74,"3 km S of Apopa, El Salvador",13.774,-89.175
"2017-12-05","03:47",4.2,78.18,"18 km WSW of La Libertad, El Salvador",13.4125,-89.4752
"2017-12-01","14:04",4,19.96,"48 km S of Acajutla, El Salvador",13.1586,-89.8868
"2017-11-27","06:39",4.2,10,"162 km S of La Libertad, El Salvador",12.0377,-89.5753
"2017-11-26","20:56",4.2,66.91,"40 km SW of Puerto El Triunfo, El Salvador",13.0005,-88.7827
"2017-11-26","14:32",4.7,46.79,"62 km SSW of Acajutla, El Salvador",13.0597,-90.0103
"2017-11-26","08:14",4.8,56.08,"50 km S of Puerto El Triunfo, El Salvador",12.8289,-88.5413
"2017-11-26","04:24",4.4,64.32,"56 km S of Puerto El Triunfo, El Salvador",12.7708,-88.5795
"2017-11-13","04:01",4.6,82.52,"28 km SSW of Puerto El Triunfo, El Salvador",13.0549,-88.6711
"2017-11-11","03:27",4.1,52.38,"44 km S of El Rosario, El Salvador",13.1012,-89.0971
"2017-10-25","22:01",2.9,10,"3 km N of Antiguo Cuscatlán, El Salvador",13.6987,-89.2497
"2017-10-15","07:27",4.2,48.85,"39 km WSW of Acajutla, El Salvador",13.4849,-90.1736
"2017-10-14","00:19",4.8,56.61,"48 km SSW of Puerto El Triunfo, El Salvador",12.8769,-88.7072
"2017-10-02","23:43",4.2,48.6,"94 km SSW of Intipucá, El Salvador",12.3723,-88.2655
"2017-09-23","18:29",4.4,65.76,"36 km SW of Puerto El Triunfo, El Salvador",13.0273,-88.7587
"2017-09-15","21:57",4.3,55.35,"40 km SSE of Acajutla, El Salvador",13.2343,-89.7359
"2017-09-11","13:20",4.3,55.85,"60 km SSW of Acajutla, El Salvador",13.0849,-90.0454
"2017-09-10","07:48",4.3,35,"80 km SW of Acajutla, El Salvador",13.069,-90.3498
"2017-09-07","02:42",4.7,62.11,"58 km SSW of Intipucá, El Salvador",12.6938,-88.2084
"2017-09-06","07:53",4.1,45.9,"35 km SSW of La Libertad, El Salvador",13.1897,-89.4347
"2017-08-31","00:10",4.1,10,"71 km SSW of Acajutla, El Salvador",12.982,-90.0345
"2017-08-19","03:04",4.2,28.17,"109 km SSW of Chirilagua, El Salvador",12.2816,-88.4448
"2017-08-15","21:49",4.3,65.74,"40 km SSW of Jucuarán, El Salvador",12.9035,-88.358
"2017-08-13","07:13",4.3,10,"127 km SSW of Puerto El Triunfo, El Salvador",12.1582,-88.7942
"2017-08-07","00:15",4.7,20.2,"76 km SSW of Acajutla, El Salvador",12.9532,-90.093
"2017-07-20","02:03",4.7,66.5,"61 km SSW of Chirilagua, El Salvador",12.6871,-88.3066
"2017-07-12","04:08",4.6,68.87,"21 km S of Acajutla, El Salvador",13.3962,-89.8029
"2017-07-07","03:11",4.4,35,"75 km SSW of Acajutla, El Salvador",12.9761,-90.1237
"2017-06-20","01:17",4.4,10,"140 km S of Puerto El Triunfo, El Salvador",12.0198,-88.6701
"2017-06-18","16:16",4.4,45.09,"66 km SSW of Acajutla, El Salvador",13.0621,-90.1149
"2017-06-15","22:20",4.3,10,"81 km SSW of Acajutla, El Salvador",12.9383,-90.1721
"2017-05-27","14:04",4.4,10,"76 km SSW of Acajutla, El Salvador",12.9518,-90.0919
"2017-05-27","12:02",4.3,10,"107 km SSW of Acajutla, El Salvador",12.6912,-90.1881
"2017-05-27","06:58",4.1,10,"89 km SSW of Acajutla, El Salvador",12.8173,-90.0726
"2017-05-26","09:23",5.3,10,"97 km SSW of Acajutla, El Salvador",12.778,-90.1791
"2017-05-26","09:01",4.7,10,"106 km SSW of La Libertad, El Salvador",12.6004,-89.6958
"2017-05-24","00:00",4.4,10,"78 km S of La Libertad, El Salvador",12.7826,-89.2347
"2017-05-22","15:53",4.2,10,"101 km SSW of Acajutla, El Salvador",12.7406,-90.1727
"2017-05-21","02:43",4.3,10,"125 km SSW of Acajutla, El Salvador",12.5109,-90.1853
"2017-05-15","22:03",5.2,10,"83 km SSW of Acajutla, El Salvador",12.8999,-90.1432
"2017-05-14","15:36",4.7,10,"72 km SSW of Acajutla, El Salvador",12.9765,-90.0467
"2017-05-13","22:29",4.6,10,"83 km SSW of Acajutla, El Salvador",12.8974,-90.1247
"2017-05-13","17:33",4.4,10,"82 km SSW of Acajutla, El Salvador",12.9028,-90.1072
"2017-05-13","16:57",4.5,10,"83 km SSW of Acajutla, El Salvador",12.8939,-90.1104
"2017-05-13","07:28",4.7,10,"85 km SSW of Acajutla, El Salvador",12.8963,-90.1751
"2017-05-13","06:09",4.3,10,"80 km SSW of Acajutla, El Salvador",12.8945,-90.0279
"2017-05-13","05:26",5,10,"78 km SSW of Acajutla, El Salvador",12.9216,-90.0756
"2017-05-12","22:46",4.2,10,"95 km SSW of Acajutla, El Salvador",12.793,-90.1524
"2017-05-12","09:22",4.6,10,"75 km SSW of Acajutla, El Salvador",12.9549,-90.0831
"2017-05-12","04:51",5.2,17.2,"76 km SSW of Acajutla, El Salvador",12.9651,-90.1303
"2017-05-12","04:41",6.2,16,"78 km SSW of Acajutla, El Salvador",12.9187,-90.0611
"2017-05-11","16:02",4.4,58.02,"47 km SW of San Francisco Menéndez, El Salvador",13.5029,-90.2822
"2017-04-23","09:51",3.3,10,"3 km WSW of San Salvador, El Salvador",13.6757,-89.2174
"2017-04-10","17:53",4.8,10,"4 km WSW of Tonacatepeque, El Salvador",13.7664,-89.1547
"2017-04-10","17:52",4.2,10,"3 km N of Ayutuxtepeque, El Salvador",13.7626,-89.2076
"2017-04-10","16:21",3.4,5.5,"4 km W of Santa Tecla, El Salvador",13.6704,-89.3237
"2017-04-10","14:02",3.5,6.39,"1 km SE of Santa Tecla, El Salvador",13.6702,-89.2695
"2017-04-09","20:13",3.6,6.91,"6 km WSW of Nuevo Cuscatlán, El Salvador",13.6363,-89.3209
"2017-04-02","10:24",4.5,32.38,"91 km S of La Libertad, El Salvador",12.6618,-89.248
"2017-03-25","18:20",4.3,60.67,"61 km SSW of Intipucá, El Salvador",12.6581,-88.1755
"2017-03-10","07:13",4.6,60.44,"39 km SW of Acajutla, El Salvador",13.3833,-90.1253
"2017-03-07","01:08",4.5,10,"129 km SSW of Puerto El Triunfo, El Salvador",12.1673,-88.9041
"2017-03-06","07:26",4.6,10,"142 km SSW of Puerto El Triunfo, El Salvador",12.0593,-88.9673
"2017-02-12","12:18",4.3,53.36,"53 km SSW of Acajutla, El Salvador",13.139,-89.9882
"2017-01-21","01:31",4.4,60.69,"31 km S of La Libertad, El Salvador",13.2037,-89.3085
"2017-01-16","06:29",4.5,60.14,"46 km S of Puerto El Triunfo, El Salvador",12.867,-88.5855
"2017-01-08","00:29",4.3,35,"68 km SSW of Acajutla, El Salvador",12.9915,-89.984
"2017-01-04","10:45",5,68.22,"43 km S of La Libertad, El Salvador",13.1006,-89.3635
"2016-12-26","23:14",4.6,69.23,"33 km SSW of Puerto El Triunfo, El Salvador",12.9913,-88.6454
"2016-12-25","20:14",3.9,59.94,"53 km SSW of Chirilagua, El Salvador",12.7584,-88.2729
"2016-12-25","17:03",4,29.54,"53 km S of El Rosario, El Salvador",13.0196,-88.9792
"2016-12-23","19:31",4.6,35,"81 km S of La Libertad, El Salvador",12.7536,-89.2917
"2016-12-20","14:08",4.9,45.68,"69 km S of Acajutla, El Salvador",12.9623,-89.7977
"2016-12-19","06:23",4.3,44.78,"134 km SSW of Puerto El Triunfo, El Salvador",12.1876,-89.0819
"2016-12-18","02:12",4.3,48.22,"41 km SSE of El Rosario, El Salvador",13.1331,-88.9451
"2016-12-11","08:57",4.3,57.46,"33 km SSE of La Libertad, El Salvador",13.1997,-89.2246
"2016-12-11","06:08",4.2,25.86,"155 km S of Acajutla, El Salvador",12.1954,-89.9559
"2016-12-09","04:06",5,35.72,"139 km S of Puerto El Triunfo, El Salvador",12.035,-88.7444
"2016-12-03","01:03",4,37.25,"47 km WSW of Acajutla, El Salvador",13.39,-90.2101
"2016-11-27","16:38",4.5,22.2,"141 km S of Puerto El Triunfo, El Salvador",12.0055,-88.6538
"2016-11-25","15:22",4.4,35,"84 km SSW of Puerto El Triunfo, El Salvador",12.6003,-88.904
"2016-11-25","10:08",4.5,65.47,"70 km SSW of La Libertad, El Salvador",12.8709,-89.4802
"2016-11-24","23:41",4.4,10,"96 km SSW of Intipucá, El Salvador",12.3498,-88.2514
"2016-11-24","20:40",4.7,10,"134 km SSW of Puerto El Triunfo, El Salvador",12.157,-89.006
"2016-11-24","17:22",4.6,10,"139 km SSW of Puerto El Triunfo, El Salvador",12.1204,-89.0508
"2016-11-24","15:44",4.4,10,"93 km SSW of Chirilagua, El Salvador",12.4189,-88.4193
"2016-11-24","15:05",4.2,10,"132 km SSW of Puerto El Triunfo, El Salvador",12.1681,-89.0039
"2016-11-24","13:04",4.7,10,"140 km SSW of Puerto El Triunfo, El Salvador",12.1186,-89.0667
"2016-11-24","12:59",4.3,10,"132 km SSW of Puerto El Triunfo, El Salvador",12.1659,-88.9872
"2016-11-24","12:53",5.1,10,"143 km SSW of Puerto El Triunfo, El Salvador",12.0379,-88.9043
"2016-11-21","06:09",4.1,54.9,"84 km SSW of Puerto El Triunfo, El Salvador",12.5974,-88.8851
"2016-11-20","09:06",4.4,35,"70 km S of Intipucá, El Salvador",12.5652,-88.159
"2016-11-15","01:36",4.1,44.05,"57 km SW of Jiquilisco, El Salvador",12.94,-88.9465
"2016-10-31","09:22",4.5,10,"96 km SW of Acajutla, El Salvador",13.0317,-90.5129
"2016-10-26","22:23",4.1,59.92,"41 km SW of La Libertad, El Salvador",13.2165,-89.5874
"2016-10-01","06:50",4.4,42.43,"59 km S of Acajutla, El Salvador",13.0513,-89.8296
"2016-09-29","00:55",4,47.35,"46 km SW of La Libertad, El Salvador",13.1743,-89.6034
"2016-09-23","18:05",4.3,41.04,"47 km S of Acajutla, El Salvador",13.1662,-89.7952
"2016-09-16","19:39",4.5,40.54,"88 km SSW of Puerto El Triunfo, El Salvador",12.5865,-88.9437
"2016-09-12","05:49",4.1,46.31,"44 km SW of Puerto El Triunfo, El Salvador",12.9647,-88.7968
"2016-09-09","16:36",4.4,102.76,"15 km WSW of Jiquilisco, El Salvador",13.2605,-88.7122
"2016-09-09","00:54",4.2,52.37,"15 km SSW of El Rosario, El Salvador",13.3663,-89.0828
"2016-08-29","07:05",4.6,10,"0 km NE of Candelaria de La Frontera, El Salvador",14.1231,-89.6443
"2016-08-27","01:53",4,59.17,"43 km SW of San Francisco Menéndez, El Salvador",13.5203,-90.2492
"2016-08-26","15:43",4.1,40.48,"49 km SSW of Puerto El Triunfo, El Salvador",12.9068,-88.8014
"2016-08-19","01:02",4.3,10,"41 km SSW of Puerto El Triunfo, El Salvador",12.9208,-88.6289
"2016-08-13","23:13",4.8,139.1,"10 km N of Tacuba, El Salvador",13.993,-89.9204
"2016-08-09","08:26",4.6,35,"85 km SSW of Puerto El Triunfo, El Salvador",12.6005,-88.9184
"2016-08-05","02:14",4.3,67.01,"29 km S of Puerto El Triunfo, El Salvador",13.0191,-88.6023
"2016-07-23","02:19",4.1,60.25,"19 km SE of Acajutla, El Salvador",13.4931,-89.6822
"2016-07-21","16:45",4.3,48.14,"53 km S of Puerto El Triunfo, El Salvador",12.8016,-88.6248
"2016-07-19","01:32",4,57.42,"47 km SW of Jiquilisco, El Salvador",13.0233,-88.8996
"2016-07-16","14:36",4.2,59.9,"44 km S of Jucuarán, El Salvador",12.857,-88.3264
"2016-07-14","01:02",3.6,59.58,"37 km S of El Rosario, El Salvador",13.1624,-89.0328
"2016-07-09","11:29",4.5,56.95,"67 km SSW of Puerto El Triunfo, El Salvador",12.7196,-88.7884
"2016-07-05","08:09",4.2,46.7,"51 km SW of San Francisco Menéndez, El Salvador",13.504,-90.346
"2016-06-30","02:44",4,30.25,"27 km SSW of Acajutla, El Salvador",13.3626,-89.9162
"2016-06-29","05:06",4.1,35,"47 km S of Acajutla, El Salvador",13.1662,-89.8474
"2016-06-27","22:11",3.5,57.3,"28 km SSE of Acajutla, El Salvador",13.3574,-89.7121
"2016-06-15","03:06",4,77.26,"4 km SE of Acajutla, El Salvador",13.5606,-89.7956
"2016-06-13","09:32",3.6,35,"47 km S of Puerto El Triunfo, El Salvador",12.8569,-88.5887
"2016-06-13","08:45",4.4,62.43,"26 km S of Puerto El Triunfo, El Salvador",13.0439,-88.5889
"2016-06-08","03:56",4.5,35,"84 km SW of Puerto El Triunfo, El Salvador",12.7178,-89.0743
"2016-06-07","22:33",4.3,51.29,"108 km SW of Acajutla, El Salvador",12.8716,-90.5071
"2016-06-03","22:03",4.2,50.11,"94 km S of La Libertad, El Salvador",12.6419,-89.213
"2016-06-02","17:39",4.7,24.96,"100 km S of La Libertad, El Salvador",12.589,-89.1789
"2016-06-01","18:39",3.8,35,"48 km SSW of Puerto El Triunfo, El Salvador",12.861,-88.6617
"2016-05-30","20:14",4.7,43.47,"97 km S of La Libertad, El Salvador",12.6206,-89.1565
"2016-05-29","10:44",4.6,10,"95 km S of La Libertad, El Salvador",12.6297,-89.288
"2016-05-24","01:55",4,73,"45 km SW of San Francisco Menéndez, El Salvador",13.568,-90.332
"2016-05-18","16:01",4.2,62.76,"43 km S of Puerto El Triunfo, El Salvador",12.8916,-88.5203
"2016-05-10","01:33",4,14.33,"1 km NNW of La Libertad, Honduras",14.7644,-87.6234
"2016-05-02","05:50",4.9,54.69,"66 km SW of Puerto El Triunfo, El Salvador",12.8116,-88.9304
"2016-05-01","13:40",4.3,40.33,"47 km SSW of Acajutla, El Salvador",13.184,-89.9617
"2016-04-30","14:16",4,44.09,"45 km SSE of La Libertad, El Salvador",13.0897,-89.223
"2016-04-28","06:28",4.4,53.49,"90 km S of La Libertad, El Salvador",12.6689,-89.3634
"2016-04-23","02:27",4.1,10,"107 km S of Puerto El Triunfo, El Salvador",12.3152,-88.5079
"2016-04-22","04:47",4.3,86.53,"26 km SSW of San Francisco Menéndez, El Salvador",13.6274,-90.1212
"2016-04-22","02:54",4.3,9.23,"6 km N of La Libertad, Honduras",14.8079,-87.6185
"2016-04-21","07:33",4.4,44.41,"93 km S of La Libertad, El Salvador",12.6572,-89.1757
"2016-04-20","14:13",4.5,59.43,"43 km SSW of Puerto El Triunfo, El Salvador",12.9312,-88.7384
"2016-04-17","11:19",4.9,66.03,"58 km S of Intipucá, El Salvador",12.6683,-88.0415
"2016-04-14","17:27",4.1,60,"38 km SW of La Libertad, El Salvador",13.27,-89.6
"2016-04-08","08:05",4.3,63.51,"29 km SW of La Libertad, El Salvador",13.2845,-89.5026
"2016-03-30","01:01",4.2,54.63,"34 km S of Acajutla, El Salvador",13.2841,-89.8692
"2016-03-22","19:12",4.2,66.79,"El Salvador",13.2921,-89.0994
"2016-03-15","10:05",4.3,4,"106 km SSW of Chirilagua, El Salvador",12.29,-88.38
"2016-03-12","00:31",4,43.87,"22 km SSW of El Rosario, El Salvador",13.3094,-89.1159
"2016-02-29","19:08",5.1,59.53,"36 km SW of Jiquilisco, El Salvador",13.0839,-88.8191
"2016-02-29","09:07",4.5,48.02,"76 km S of Puerto El Triunfo, El Salvador",12.5942,-88.4916
"2016-02-25","14:12",4.6,49.66,"69 km SSW of Puerto El Triunfo, El Salvador",12.6856,-88.7437
"2016-02-23","10:09",4.6,35,"93 km SSW of Intipucá, El Salvador",12.3756,-88.2516
"2016-02-21","23:33",4.5,35,"86 km S of Puerto El Triunfo, El Salvador",12.5118,-88.6589
"2016-02-18","22:42",5,201.31,"8 km N of San Sebastián, El Salvador",13.8074,-88.8387
"2016-02-17","22:45",4.3,69.87,"24 km SSW of Puerto El Triunfo, El Salvador",13.1003,-88.6707
"2016-02-10","19:04",4.4,63.11,"40 km SW of Jiquilisco, El Salvador",13.06,-88.8526
"2016-02-06","04:12",4.6,68.7,"31 km WSW of La Libertad, El Salvador",13.3427,-89.5719
"2016-02-02","07:32",4.6,10,"98 km S of Acajutla, El Salvador",12.7075,-89.8757
"2016-02-01","10:45",4.5,130.72,"10 km N of Tacuba, El Salvador",13.994,-89.9384
"2016-01-31","14:48",3.8,90.52,"23 km WSW of La Libertad, El Salvador",13.3994,-89.5174
"2016-01-25","03:59",4.6,20.49,"74 km SSW of Puerto El Triunfo, El Salvador",12.6677,-88.8215
"2016-01-21","11:27",4.7,35,"82 km S of Puerto El Triunfo, El Salvador",12.5499,-88.6943
"2016-01-17","01:58",4,53.37,"18 km ESE of Acajutla, El Salvador",13.5284,-89.67
"2016-01-10","03:52",4.2,44.5,"62 km SSW of Intipucá, El Salvador",12.6424,-88.1732
"2016-01-02","00:59",4.2,10,"122 km SSW of Puerto El Triunfo, El Salvador",12.2046,-88.8124
"2016-01-01","22:50",4.6,36.39,"131 km S of Puerto El Triunfo, El Salvador",12.1095,-88.7568
"2015-12-17","03:09",4.5,42.41,"105 km SSW of Acajutla, El Salvador",12.7711,-90.3264
"2015-12-09","19:43",4.1,53.63,"44 km SSE of La Libertad, El Salvador",13.0939,-89.2215
"2015-12-07","12:08",4.4,43.38,"73 km SW of Acajutla, El Salvador",13.132,-90.3127
"2015-12-04","10:29",4,37.02,"44 km SSW of El Rosario, El Salvador",13.106,-89.1304
"2015-11-27","05:46",5.6,52,"45 km S of El Rosario, El Salvador",13.0906,-88.9476
"2015-11-24","14:33",4.3,75.47,"60 km S of Intipucá, El Salvador",12.6524,-88.0104
"2015-11-14","22:56",4.5,48.09,"49 km SSW of La Libertad, El Salvador",13.0808,-89.5142
"2015-11-07","17:14",4.2,35.16,"85 km SSW of Puerto El Triunfo, El Salvador",12.5758,-88.8667
"2015-10-30","17:56",4.4,70,"El Salvador",13.1258,-88.6936
"2015-10-27","16:49",4.9,144.97,"El Salvador",13.3212,-88.0872
"2015-10-26","09:53",4.2,10,"125 km SSW of Puerto El Triunfo, El Salvador",12.1842,-88.8448
"2015-10-17","08:17",4.4,43.22,"29 km SSW of Acajutla, El Salvador",13.3627,-89.9712
"2015-10-14","01:31",4.1,51.84,"39 km SW of Puerto El Triunfo, El Salvador",13.0235,-88.7959
"2015-10-12","09:18",4.7,62.55,"43 km SSE of Puerto El Triunfo, El Salvador",12.8958,-88.4702
"2015-10-06","03:21",5.1,29.55,"137 km SSW of Puerto El Triunfo, El Salvador",12.1177,-88.9955
"2015-10-04","15:29",4.4,67.59,"48 km SSW of Intipucá, El Salvador",12.7868,-88.2071
"2015-10-03","08:21",4.6,52.71,"99 km SW of Puerto El Triunfo, El Salvador",12.5825,-89.1255
"2015-10-02","05:01",4.3,67.73,"27 km SSW of El Rosario, El Salvador",13.2629,-89.1194
"2015-09-30","17:45",4,5.3,"3 km SSW of Conchagua, El Salvador",13.2811,-87.8732
"2015-09-28","06:14",4.2,35,"68 km SSW of Chirilagua, El Salvador",12.6139,-88.2863
"2015-09-27","15:16",4.1,21.3,"61 km SSE of La Libertad, El Salvador",12.951,-89.168
"2015-09-22","18:42",4.4,48.58,"97 km S of La Libertad, El Salvador",12.6137,-89.212
"2015-09-21","20:48",4.2,71.28,"36 km S of Zacatecoluca, El Salvador",13.1716,-88.9285
"2015-09-21","03:20",4.3,62.18,"5 km WSW of La Libertad, El Salvador",13.4733,-89.3749
"2015-09-20","23:08",3.1,4.15,"8 km S of Quezaltepeque, El Salvador",13.7557,-89.2768
"2015-09-18","09:33",4.3,42.73,"94 km S of La Libertad, El Salvador",12.6463,-89.1862
"2015-09-07","08:45",4.3,50.42,"88 km SSW of Chirilagua, El Salvador",12.4441,-88.321
"2015-09-07","01:06",4.6,57.76,"52 km SSW of Intipucá, El Salvador",12.7443,-88.2036
"2015-08-31","23:09",4.4,41.55,"99 km S of La Libertad, El Salvador",12.586,-89.2734
"2015-08-31","07:44",4.3,35,"59 km SSW of Acajutla, El Salvador",13.1105,-90.0762
"2015-08-26","12:29",4,74.49,"82 km SSW of Acajutla, El Salvador",12.946,-90.2075
"2015-08-26","04:23",4.8,35,"85 km SSW of Acajutla, El Salvador",12.9425,-90.2494
"2015-08-23","09:28",4.1,81.12,"63 km S of Acajutla, El Salvador",13.0196,-89.8237
"2015-08-23","08:55",4.3,35,"67 km SSW of La Libertad, El Salvador",12.9509,-89.6139
"2015-08-22","22:48",5.3,37.86,"67 km SW of Acajutla, El Salvador",13.1055,-90.2094
"2015-08-21","10:04",4.2,73.65,"18 km S of La Libertad, El Salvador",13.3204,-89.2923
"2015-08-17","16:56",3.9,42.21,"32 km SSE of Acajutla, El Salvador",13.3201,-89.7208
"2015-08-11","17:33",4.2,54.48,"41 km S of Puerto El Triunfo, El Salvador",12.9114,-88.559
"2015-08-09","01:05",4.5,9.86,"13 km WSW of Sesori, El Salvador",13.6682,-88.478
"2015-07-20","06:01",4.3,65.05,"38 km SW of San Francisco Menéndez, El Salvador",13.6237,-90.2958
"2015-07-19","19:24",4.2,39.72,"74 km SW of Acajutla, El Salvador",13.1175,-90.3161
"2015-07-16","10:56",4.2,33.38,"33 km SW of Acajutla, El Salvador",13.3822,-90.0512
"2015-07-15","23:20",4.2,61.2,"52 km SSW of Jucuarán, El Salvador",12.7885,-88.3489
"2015-07-09","08:06",4.1,35,"72 km SW of Acajutla, El Salvador",13.1802,-90.3436
"2015-07-09","07:25",5.6,45.68,"55 km SW of Acajutla, El Salvador",13.2949,-90.244
"2015-06-26","03:26",4.4,58.83,"53 km S of Puerto El Triunfo, El Salvador",12.8025,-88.5799
"2015-06-21","11:19",4.8,72.67,"37 km S of Acajutla, El Salvador",13.2511,-89.7969
"2015-06-17","22:45",4.3,28,"65 km SSW of Chirilagua, El Salvador",12.662,-88.345
"2015-06-17","11:56",4.2,49.1,"46 km S of Puerto El Triunfo, El Salvador",12.862,-88.602
"2015-06-13","03:50",4.3,71.12,"27 km SW of Puerto El Triunfo, El Salvador",13.0812,-88.6957
"2015-06-06","04:19",4.4,57.43,"35 km SW of Puerto El Triunfo, El Salvador",13.0707,-88.7932
"2015-05-30","15:03",4.1,47.4,"44 km SSW of Puerto El Triunfo, El Salvador",12.894,-88.657
"2015-05-28","15:26",4.4,181.63,"5 km SSE of Conchagua, El Salvador",13.2655,-87.8444
"2015-05-26","19:31",4.2,59.36,"56 km S of Puerto El Triunfo, El Salvador",12.7766,-88.5752
"2015-05-20","08:29",4.2,63.74,"69 km SSW of Puerto El Triunfo, El Salvador",12.7257,-88.8493
"2015-05-10","21:24",4.3,35,"101 km S of La Libertad, El Salvador",12.5724,-89.2823
"2015-04-28","19:25",4.4,68.6,"8 km SSW of La Libertad, El Salvador",13.4194,-89.3552
"2015-04-20","11:20",4.4,35,"97 km SSW of Puerto El Triunfo, El Salvador",12.42,-88.7506
"2015-04-12","09:12",4.2,54.01,"57 km SSW of El Rosario, El Salvador",12.9942,-89.1516
"2015-04-08","09:44",5.4,29,"43 km S of Acajutla, El Salvador",13.1992,-89.7846
"2015-04-04","23:43",4.3,35,"92 km S of Acajutla, El Salvador",12.7581,-89.9063
"2015-04-04","18:07",5.3,68.39,"55 km S of Intipucá, El Salvador",12.704,-88.1528
"2015-04-03","06:36",4.6,62.2,"36 km SSW of Puerto El Triunfo, El Salvador",13.004,-88.729
"2015-03-19","23:35",3.9,42.6,"36 km S of Acajutla, El Salvador",13.266,-89.781
"2015-03-17","16:14",4,48.8,"43 km SSE of Acajutla, El Salvador",13.232,-89.667
"2015-03-15","11:22",4.5,15.2,"150 km SSW of Puerto El Triunfo, El Salvador",12.051,-89.137
"2015-03-11","17:29",3.8,32.4,"31 km SW of Acajutla, El Salvador",13.372,-90.016
"2015-03-10","11:38",4.3,84.65,"24 km SSW of Puerto El Triunfo, El Salvador",13.0781,-88.633
"2015-03-09","17:36",4.3,68.88,"29 km SE of Acajutla, El Salvador",13.395,-89.6422
"2015-02-23","21:03",4.3,183.23,"8 km WNW of Berlín, El Salvador",13.5312,-88.603
"2015-02-20","16:41",4.1,35,"125 km SSW of Chirilagua, El Salvador",12.1282,-88.4356
"2015-02-14","13:22",4.5,21.2,"105 km SSW of Acajutla, El Salvador",12.715,-90.208
"2015-02-03","15:37",4.2,31.8,"53 km SW of Puerto El Triunfo, El Salvador",12.883,-88.833
"2015-02-01","23:27",4.4,151.73,"10 km SSE of Intipucá, El Salvador",13.1174,-88.0009
"2015-02-01","11:47",4.4,32.4,"35 km SSW of Acajutla, El Salvador",13.29,-89.944
"2015-01-31","18:48",3.6,23.8,"72 km S of Acajutla, El Salvador",12.951,-89.715
"2015-01-31","17:15",4.2,22.9,"76 km SSW of La Libertad, El Salvador",12.901,-89.695
"2015-01-29","01:42",4.3,50.1,"37 km SSW of Puerto El Triunfo, El Salvador",12.963,-88.649
"2015-01-28","11:56",4.3,70.57,"54 km S of El Rosario, El Salvador",13.0106,-89.0659
"2015-01-25","16:08",3.4,7.3,"2 km WNW of Ayutuxtepeque, El Salvador",13.743,-89.226
"2015-01-21","21:56",4,49.3,"42 km S of Puerto El Triunfo, El Salvador",12.901,-88.537
"2015-01-21","04:42",4.5,35,"98 km S of La Libertad, El Salvador",12.6041,-89.2362
"2015-01-18","17:32",4.6,57.58,"106 km S of La Libertad, El Salvador",12.5248,-89.2787
"2015-01-13","17:07",4.2,64,"43 km SW of Acajutla, El Salvador",13.3387,-90.1364
"2015-01-11","21:45",4.6,81.04,"43 km S of Intipucá, El Salvador",12.8112,-88.1151
"2015-01-10","10:29",4.4,24.1,"51 km SW of Acajutla, El Salvador",13.294,-90.194
"2015-01-09","19:59",4.3,60.41,"62 km SSE of La Libertad, El Salvador",12.9384,-89.2011
"2015-01-08","03:44",4.4,49.4,"38 km S of La Libertad, El Salvador",13.144,-89.303
"2014-12-30","16:03",4.3,50.1,"38 km S of La Libertad, El Salvador",13.139,-89.276
"2014-12-29","17:13",4.3,35,"51 km S of Puerto El Triunfo, El Salvador",12.817,-88.558
"2014-12-19","23:55",3.9,15,"109 km SSW of Acajutla, El Salvador",12.647,-90.123
"2014-12-18","23:55",4,10,"111 km S of La Libertad, El Salvador",12.4864,-89.4303
"2014-12-14","07:22",4.7,55.47,"92 km S of Puerto El Triunfo, El Salvador",12.4548,-88.6917
"2014-12-13","17:52",4.8,22.4,"118 km SSW of Puerto El Triunfo, El Salvador",12.272,-88.898
"2014-12-06","11:06",4.4,194.49,"4 km ENE of Chinameca, El Salvador",13.5156,-88.3152
"2014-11-29","08:53",3.7,43.33,"102 km SW of Acajutla, El Salvador",12.9288,-90.4922
"2014-11-23","15:04",4.3,87.91,"28 km W of Acajutla, El Salvador",13.5509,-90.0829
"2014-11-21","16:15",4.3,71.63,"40 km S of Jucuarán, El Salvador",12.8894,-88.3055
"2014-11-12","23:18",3.7,64.4,"39 km SSW of Puerto El Triunfo, El Salvador",12.936,-88.644
"2014-10-28","14:20",4.1,58.96,"30 km S of Intipucá, El Salvador",12.9217,-88.0182
"2014-10-23","17:05",4.9,50.9,"41 km SSW of Puerto El Triunfo, El Salvador",12.952,-88.728
"2014-10-21","13:06",4.6,65.78,"90 km SSW of Chirilagua, El Salvador",12.4415,-88.4078
"2014-10-13","21:51",7.3,40,"74 km S of Intipucá, El Salvador",12.5262,-88.1225
"2014-10-04","10:07",4.5,200.88,"6 km ENE of San Sebastián, El Salvador",13.7634,-88.7865
"2014-10-01","10:02",4.3,35,"88 km SSW of Chirilagua, El Salvador",12.4494,-88.3545
"2014-10-01","09:18",4.4,23.2,"120 km SSW of Chirilagua, El Salvador",12.1882,-88.5034
"2014-10-01","09:01",4.8,35,"93 km SSW of Intipucá, El Salvador",12.3951,-88.3146
"2014-10-01","05:47",4.6,47.05,"105 km SSW of Chirilagua, El Salvador",12.3056,-88.4221
"2014-10-01","04:58",4.8,35,"113 km SSW of Chirilagua, El Salvador",12.2435,-88.4645
"2014-09-24","04:45",4.7,35,"96 km SSW of Puerto El Triunfo, El Salvador",12.4758,-88.897
"2014-09-23","14:51",4,62.2,"41 km SSE of La Libertad, El Salvador",13.131,-89.209
"2014-09-15","08:23",4.2,78,"34 km S of El Rosario, El Salvador",13.1898,-89.0329
"2014-09-09","07:48",4.2,64.03,"78 km S of La Libertad, El Salvador",12.7801,-89.2494
"2014-09-07","21:14",3.9,35,"49 km S of La Libertad, El Salvador",13.0409,-89.334
"2014-09-07","20:39",4,47.26,"30 km SW of Puerto El Triunfo, El Salvador",13.059,-88.7182
"2014-09-07","10:26",4.5,75.02,"47 km SSW of Jucuarán, El Salvador",12.8408,-88.3629
"2014-08-31","07:55",4.6,57.94,"32 km SSW of Puerto El Triunfo, El Salvador",13.0101,-88.6497
"2014-08-21","20:07",4.9,72.59,"53 km SSW of Intipucá, El Salvador",12.7293,-88.1703
"2014-08-02","18:23",4.4,185.42,"4 km ESE of Ilopango, El Salvador",13.6878,-89.0709
"2014-08-02","08:05",4.3,35,"151 km SSW of Puerto El Triunfo, El Salvador",12.1027,-89.2625
"2014-07-30","17:13",4.3,35,"89 km SSW of Puerto El Triunfo, El Salvador",12.5353,-88.8699
"2014-07-21","04:04",4.1,10,"3 km SSW of Candelaria de La Frontera, El Salvador",14.088,-89.6573
"2014-07-19","10:26",4.7,59.31,"105 km S of La Libertad, El Salvador",12.5396,-89.3754
"2014-07-18","14:44",4.3,50.73,"64 km S of Acajutla, El Salvador",13.014,-89.8323
"2014-07-18","11:34",4.2,51.37,"88 km SSW of La Libertad, El Salvador",12.7668,-89.6683
"2014-07-12","13:58",4.1,41.9,"52 km SSW of Jucuarán, El Salvador",12.804,-88.387
"2014-07-06","00:33",4.1,70.31,"50 km SSW of Intipucá, El Salvador",12.7705,-88.2131
"2014-07-05","23:47",4.2,35,"89 km SW of Acajutla, El Salvador",12.9427,-90.3148
"2014-06-22","13:20",4.1,50.71,"65 km S of Intipucá, El Salvador",12.6125,-88.1695
"2014-06-21","21:56",4.1,58.4,"33 km S of La Libertad, El Salvador",13.188,-89.335
"2014-06-21","17:01",4.2,46.74,"59 km S of Acajutla, El Salvador",13.056,-89.8045
"2014-06-18","09:36",4.4,72.16,"48 km SSW of Chirilagua, El Salvador",12.8044,-88.2934
"2014-06-02","22:54",4,44.6,"55 km SW of Puerto El Triunfo, El Salvador",12.911,-88.889
"2014-06-01","03:19",4.1,64.1,"29 km SSW of Puerto El Triunfo, El Salvador",13.028,-88.636
"2014-05-24","21:27",4.4,71.58,"35 km WSW of La Libertad, El Salvador",13.3128,-89.6006
"2014-05-19","13:33",4.3,63.87,"81 km SSW of La Libertad, El Salvador",12.7998,-89.6007
"2014-05-14","11:29",4.5,61.88,"46 km SW of Puerto El Triunfo, El Salvador",12.967,-88.8344
"2014-05-04","22:03",4.5,46.92,"103 km S of Acajutla, El Salvador",12.6655,-89.9495
"2014-04-30","00:09",4.5,48.17,"53 km SSW of Acajutla, El Salvador",13.1424,-89.9955
"2014-04-21","07:17",4.3,59.73,"38 km SW of La Libertad, El Salvador",13.2949,-89.6151
"2014-04-18","14:00",4.4,69.92,"67 km S of La Libertad, El Salvador",12.8858,-89.2047
"2014-04-16","22:51",4.4,10,"2 km ENE of Tonacatepeque, El Salvador",13.7911,-89.1005
"2014-04-09","20:20",4.2,54.61,"76 km S of Puerto El Triunfo, El Salvador",12.6041,-88.682
"2014-04-02","22:28",4.4,73.04,"75 km SW of Acajutla, El Salvador",13.174,-90.3835
"2014-04-02","18:28",4,74.22,"10 km SW of El Rosario, El Salvador",13.4276,-89.0975
"2014-03-27","14:36",4.7,55.1,"55 km SSW of Puerto El Triunfo, El Salvador",12.8633,-88.832
"2014-03-20","11:12",4.2,55.5,"24 km SSW of Acajutla, El Salvador",13.387,-89.922
"2014-03-20","11:04",4.8,29.7,"37 km SSW of Acajutla, El Salvador",13.267,-89.931
"2014-03-19","11:31",4.6,20.4,"107 km S of La Libertad, El Salvador",12.534,-89.514
"2014-03-17","16:38",4.6,24.88,"150 km SSW of Acajutla, El Salvador",12.3209,-90.3199
"2014-03-15","17:26",4.4,27.2,"48 km S of Acajutla, El Salvador",13.152,-89.815
"2014-03-14","15:05",4.2,17.82,"132 km SW of Acajutla, El Salvador",12.6173,-90.5422
"2014-03-14","13:24",4.6,82.5,"26 km SSE of Puerto El Triunfo, El Salvador",13.0613,-88.4488
"2014-03-11","04:41",4.2,65.63,"63 km S of Acajutla, El Salvador",13.0273,-89.9215
"2014-03-09","13:32",4.3,221.41,"2 km ENE of Lolotique, El Salvador",13.5584,-88.3302
"2014-02-28","13:14",4.4,68.36,"54 km SSW of Puerto El Triunfo, El Salvador",12.8652,-88.815
"2014-02-27","07:18",4.5,35.39,"99 km SW of Puerto El Triunfo, El Salvador",12.5384,-89.0689
"2014-02-16","14:13",4.2,50.69,"96 km SSW of Intipucá, El Salvador",12.3651,-88.3076
"2014-02-09","21:00",4.4,35,"103 km S of La Libertad, El Salvador",12.5516,-89.3931
"2014-02-07","10:50",4.2,50.7,"45 km S of El Rosario, El Salvador",13.086,-89.014
"2014-02-04","00:59",4.1,68.8,"33 km SSE of La Libertad, El Salvador",13.2127,-89.193
"2014-01-29","03:41",4.3,39.88,"85 km SSW of Puerto El Triunfo, El Salvador",12.6191,-88.9566
"2014-01-28","03:39",4.2,44.92,"88 km SW of Acajutla, El Salvador",13.0299,-90.4098
"2014-01-23","01:29",4.9,50,"51 km SSW of Puerto El Triunfo, El Salvador",12.828,-88.643
"2014-01-20","23:13",4.4,64.13,"52 km S of Puerto El Triunfo, El Salvador",12.8082,-88.5972
"2014-01-20","06:54",3.8,49.1,"46 km SW of Puerto El Triunfo, El Salvador",12.99,-88.851
"2014-01-19","04:58",4.9,55.69,"49 km SSW of Puerto El Triunfo, El Salvador",12.9066,-88.7963
"2014-01-18","21:16",4.4,36.54,"111 km S of La Libertad, El Salvador",12.4821,-89.2369
"2014-01-18","14:10",4.2,25.13,"146 km SW of Acajutla, El Salvador",12.5816,-90.7014
"2014-01-18","13:53",4.5,44.8,"64 km S of Puerto El Triunfo, El Salvador",12.6995,-88.4899
"2014-01-17","21:35",4.2,34.81,"145 km SSW of Puerto El Triunfo, El Salvador",12.0061,-88.8655
"2014-01-13","17:49",4.1,38.04,"120 km SSW of La Libertad, El Salvador",12.484,-89.7581
"2014-01-09","06:27",4.6,71.13,"30 km S of Acajutla, El Salvador",13.3218,-89.7861
"2013-12-26","10:01",4.3,64.98,"55 km SSW of Puerto El Triunfo, El Salvador",12.7946,-88.6595
"2013-12-24","09:05",4.5,63.46,"90 km S of La Libertad, El Salvador",12.681,-89.1729
"2013-12-22","17:30",4.6,27.4,"53 km SW of Acajutla, El Salvador",13.239,-90.16
"2013-12-15","22:59",4.7,191.16,"9 km NW of Jucuapa, El Salvador",13.5738,-88.4544
"2013-12-12","22:45",5.6,67.59,"40 km S of El Rosario, El Salvador",13.1334,-89.0898
"2013-12-10","14:19",4.7,57.33,"100 km SSW of Puerto El Triunfo, El Salvador",12.4073,-88.8048
"2013-11-29","11:36",4.2,87.61,"21 km W of La Libertad, El Salvador",13.5252,-89.519
"2013-11-29","10:01",4.8,69.61,"38 km SSW of El Rosario, El Salvador",13.1592,-89.1112
"2013-11-24","01:12",4,53.3,"46 km SSE of La Libertad, El Salvador",13.093,-89.18
"2013-11-20","22:28",4.3,62.46,"48 km S of El Rosario, El Salvador",13.0601,-89.0841
"2013-11-20","12:29",4.4,62,"42 km SSW of Puerto El Triunfo, El Salvador",12.915,-88.656
"2013-11-16","13:24",4.1,82.2,"31 km WSW of Jiquilisco, El Salvador",13.211,-88.854
"2013-11-03","04:52",3.9,67.25,"44 km SW of Puerto El Triunfo, El Salvador",12.9944,-88.8372
"2013-11-01","07:39",4.2,68.05,"46 km SW of Puerto El Triunfo, El Salvador",12.9878,-88.8534
"2013-10-29","06:44",4.4,55.56,"68 km SSW of Intipucá, El Salvador",12.6117,-88.2541
"2013-10-17","02:09",4.2,36.33,"134 km S of Puerto El Triunfo, El Salvador",12.0633,-88.5689
"2013-10-15","21:29",4.8,67.03,"48 km S of Puerto El Triunfo, El Salvador",12.8463,-88.4958
"2013-10-15","19:58",4.4,56.74,"80 km SSW of Acajutla, El Salvador",12.9812,-90.2323
"2013-10-08","08:56",4.4,47.06,"103 km SSW of Chirilagua, El Salvador",12.3161,-88.3813
"2013-10-08","05:31",4.2,50.16,"101 km SSW of Chirilagua, El Salvador",12.3329,-88.3786
"2013-09-25","03:40",4.1,52.8,"45 km SSE of La Libertad, El Salvador",13.095,-89.186
"2013-09-12","07:03",5.2,22,"70 km SW of Acajutla, El Salvador",13.1664,-90.316
"2013-09-09","03:57",4.1,66.66,"31 km S of La Libertad, El Salvador",13.2056,-89.2719
"2013-09-08","18:40",4.9,67.89,"29 km SSE of Acajutla, El Salvador",13.3342,-89.7656
"2013-08-12","20:13",4.4,54.33,"82 km SSW of Puerto El Triunfo, El Salvador",12.55,-88.7
"2013-08-09","07:25",4.7,52.26,"62 km SW of Puerto El Triunfo, El Salvador",12.8536,-88.921
"2013-08-04","09:43",4.4,55.6,"38 km S of La Libertad, El Salvador",13.14,-89.332
"2013-08-03","16:18",4.6,55.18,"51 km SSW of La Libertad, El Salvador",13.0616,-89.5198
"2013-07-30","11:31",4.4,64.5,"36 km SW of La Libertad, El Salvador",13.279,-89.588
"2013-07-25","04:28",4,31.5,"67 km SSW of Acajutla, El Salvador",13.034,-90.081
"2013-07-16","09:25",4.3,22.1,"82 km SW of Puerto El Triunfo, El Salvador",12.679,-89.001
"2013-07-15","15:59",4.4,63.4,"34 km S of La Libertad, El Salvador",13.177,-89.365
"2013-07-15","00:27",5.1,10.8,"130 km S of La Libertad, El Salvador",12.313,-89.398
"2013-07-09","06:03",4.1,60.2,"34 km S of La Libertad, El Salvador",13.182,-89.365
"2013-07-07","20:52",5.7,55,"27 km SE of La Libertad, El Salvador",13.29,-89.172
"2013-06-25","21:37",4,62.3,"41 km SW of Puerto El Triunfo, El Salvador",12.979,-88.78
"2013-06-22","04:59",4,44.5,"59 km S of La Libertad, El Salvador",12.96,-89.351
"2013-06-15","07:08",4.5,37.6,"59 km SW of Puerto El Triunfo, El Salvador",12.869,-88.902
"2013-06-06","20:24",4.2,72,"44 km SSW of Puerto El Triunfo, El Salvador",12.89,-88.636
"2013-05-30","03:02",4.2,10.1,"50 km SW of Puerto El Triunfo, El Salvador",12.911,-88.815
"2013-05-19","20:11",4.3,55,"89 km SW of Puerto El Triunfo, El Salvador",12.684,-89.105
"2013-05-19","18:36",4.3,44.3,"119 km SSW of Acajutla, El Salvador",12.692,-90.44
"2013-05-19","05:32",4.3,36,"93 km SW of Puerto El Triunfo, El Salvador",12.582,-89.036
"2013-05-15","07:20",4.4,82.2,"35 km SW of Puerto El Triunfo, El Salvador",13.056,-88.781
"2013-04-26","01:32",4,87.6,"52 km SSW of Jucuarán, El Salvador",12.792,-88.36
"2013-04-23","06:00",4.4,59.4,"87 km S of La Libertad, El Salvador",12.696,-89.271
"2013-04-22","05:20",4.5,11.1,"124 km SW of Acajutla, El Salvador",12.782,-90.618
"2013-04-21","17:59",4.8,22.2,"140 km SSW of Puerto El Triunfo, El Salvador",12.117,-89.054
"2013-04-20","13:28",4.5,53,"76 km SSW of Puerto El Triunfo, El Salvador",12.657,-88.857
"2013-04-20","04:19",4.3,34.7,"62 km SSW of Puerto El Triunfo, El Salvador",12.735,-88.673
"2013-04-20","03:33",4.4,35.1,"113 km S of Puerto El Triunfo, El Salvador",12.265,-88.678
"2013-04-20","02:55",4.5,35,"94 km SSW of Puerto El Triunfo, El Salvador",12.525,-88.96
"2013-04-19","18:47",4.4,30.8,"74 km SSW of Intipucá, El Salvador",12.549,-88.231
"2013-04-14","21:32",4.5,33.8,"65 km SSW of Intipucá, El Salvador",12.64,-88.251
"2013-03-25","17:42",4,90,"21 km SW of Acajutla, El Salvador",13.464,-89.974
"2013-03-10","04:18",5.5,8,"123 km SW of Acajutla, El Salvador",12.811,-90.64
"2013-03-07","16:44",4.4,35,"71 km S of Puerto El Triunfo, El Salvador",12.639,-88.584
"2013-02-27","07:06",4.6,64,"71 km S of Puerto El Triunfo, El Salvador",12.643,-88.629
"2013-02-15","17:00",4.2,36.3,"74 km SSW of Intipucá, El Salvador",12.539,-88.192
"2013-02-05","10:32",4.3,45.3,"27 km SSW of Intipucá, El Salvador",12.964,-88.131
"2013-02-05","02:55",4.3,35,"122 km S of Puerto El Triunfo, El Salvador",12.18,-88.529
"2013-02-01","11:03",4.4,55.8,"35 km S of La Libertad, El Salvador",13.176,-89.262
"2013-01-29","09:09",4.1,53.1,"49 km S of El Rosario, El Salvador",13.05,-89.011
"2013-01-26","03:36",4.5,76,"44 km S of La Libertad, El Salvador",13.094,-89.248
"2013-01-17","01:24",4.1,78.9,"34 km SSW of Acajutla, El Salvador",13.289,-89.895
"2013-01-03","05:20",4.3,43.4,"88 km SSW of Chirilagua, El Salvador",12.445,-88.342
"2013-01-02","21:30",4.5,43.7,"104 km SSW of Chirilagua, El Salvador",12.329,-88.444
"2013-01-02","19:40",4.3,44.8,"99 km SSW of Chirilagua, El Salvador",12.369,-88.426
"2012-12-28","10:23",4.7,169.6,"7 km W of El Rosario, El Salvador",13.501,-89.098
"2012-12-19","12:27",4.5,45,"106 km SSW of Intipucá, El Salvador",12.269,-88.323
"2012-12-18","12:13",4.6,72.4,"50 km SSW of Puerto El Triunfo, El Salvador",12.854,-88.714
"2012-12-18","02:12",5.1,35,"61 km SSW of Acajutla, El Salvador",13.054,-89.978
"2012-12-15","09:28",3.8,57.2,"61 km SSW of Acajutla, El Salvador",13.074,-90.029
"2012-12-15","07:03",4.5,66.1,"51 km S of Acajutla, El Salvador",13.133,-89.872
"2012-12-15","06:43",5,35,"114 km S of Puerto El Triunfo, El Salvador",12.247,-88.605
"2012-12-14","20:53",4.2,63.9,"58 km S of Acajutla, El Salvador",13.069,-89.888
"2012-12-14","13:18",4.8,19.4,"94 km SSW of Acajutla, El Salvador",12.813,-90.186
"2012-12-13","22:21",4.3,51.8,"30 km S of Acajutla, El Salvador",13.318,-89.794
"2012-12-13","15:26",5.3,10,"59 km SSW of Acajutla, El Salvador",13.071,-89.967
"2012-12-11","06:14",4.4,78.2,"61 km S of Puerto El Triunfo, El Salvador",12.731,-88.506
"2012-12-03","00:50",4.4,73.2,"38 km SSE of Acajutla, El Salvador",13.253,-89.747
"2012-11-30","14:02",4.2,54.4,"53 km SSW of Intipucá, El Salvador",12.742,-88.211
"2012-11-30","02:26",4.2,18.7,"85 km SSW of Puerto El Triunfo, El Salvador",12.552,-88.799
"2012-11-28","01:00",4.4,39.6,"83 km SSW of Chirilagua, El Salvador",12.502,-88.365
"2012-11-28","00:46",4.5,50.1,"75 km SSW of Chirilagua, El Salvador",12.574,-88.353
"2012-11-27","23:43",4.4,37.8,"95 km SSW of Chirilagua, El Salvador",12.381,-88.352
"2012-11-27","23:28",4.6,35,"87 km SSW of Chirilagua, El Salvador",12.462,-88.379
"2012-11-27","09:05",4.4,8.9,"114 km S of Puerto El Triunfo, El Salvador",12.245,-88.507
"2012-11-26","06:27",4.5,48.7,"92 km SSW of Chirilagua, El Salvador",12.425,-88.404
"2012-11-16","15:06",4.7,64.6,"48 km SSW of Puerto El Triunfo, El Salvador",12.918,-88.796
"2012-11-02","06:18",4.2,54.3,"87 km SW of Acajutla, El Salvador",13.135,-90.491
"2012-11-01","13:33",4.3,35,"41 km SSE of Intipucá, El Salvador",12.836,-87.944
"2012-10-29","11:14",4.3,55.3,"69 km S of Intipucá, El Salvador",12.574,-88.149
"2012-10-28","22:59",4.5,72.1,"35 km SW of La Libertad, El Salvador",13.246,-89.536
"2012-10-25","15:24",4.2,29.5,"13 km SW of Jucuarán, El Salvador",13.161,-88.328
"2012-10-21","14:44",5.1,38.2,"72 km SSW of Chirilagua, El Salvador",12.59,-88.332
"2012-10-21","14:28",5.4,36,"75 km SSW of Chirilagua, El Salvador",12.562,-88.337
"2012-10-19","01:42",4.3,35,"108 km SSW of Chirilagua, El Salvador",12.279,-88.427
"2012-10-16","20:55",4.4,49.2,"92 km SSW of Puerto El Triunfo, El Salvador",12.487,-88.801
"2012-10-14","16:40",4.5,52.1,"64 km SSW of Puerto El Triunfo, El Salvador",12.773,-88.84
"2012-10-10","08:48",4.6,127.8,"65 km S of Acajutla, El Salvador",13.004,-89.745
"2012-10-07","03:16",4.5,35,"119 km S of La Libertad, El Salvador",12.416,-89.229
"2012-10-06","16:55",4,34.1,"49 km SW of Puerto El Triunfo, El Salvador",12.917,-88.805
"2012-10-06","11:11",4.2,43.9,"63 km S of Intipucá, El Salvador",12.624,-88.075
"2012-10-05","00:38",3.9,10,"7 km N of La Unión, El Salvador",13.401,-87.831
"2012-10-04","23:31",3.6,10,"6 km NE of La Unión, El Salvador",13.378,-87.804
"2012-10-04","23:27",3.6,5.7,"2 km ESE of La Unión, El Salvador",13.328,-87.821
"2012-10-04","08:26",3.6,37.3,"73 km S of Puerto El Triunfo, El Salvador",12.624,-88.644
"2012-10-01","21:52",4.4,81.5,"3 km ENE of Apopa, El Salvador",13.819,-89.152
"2012-09-27","23:03",3.6,5.5,"2 km ESE of La Unión, El Salvador",13.33,-87.824
"2012-09-24","16:22",4,110,"22 km SE of La Libertad, El Salvador",13.332,-89.185
"2012-09-23","02:52",4.2,44,"69 km S of Puerto El Triunfo, El Salvador",12.651,-88.565
"2012-09-22","19:51",4.5,82.5,"40 km SSW of Puerto El Triunfo, El Salvador",12.927,-88.641
"2012-09-22","08:57",4.3,31.9,"54 km SSW of La Libertad, El Salvador",13.052,-89.555
"2012-09-21","05:12",4.3,35,"128 km S of Puerto El Triunfo, El Salvador",12.137,-88.765
"2012-09-19","19:51",4.3,72,"36 km S of Acajutla, El Salvador",13.265,-89.855
"2012-09-18","22:27",4.1,82.3,"27 km SSW of Puerto El Triunfo, El Salvador",13.046,-88.615
"2012-09-18","02:20",4.5,35,"112 km S of La Libertad, El Salvador",12.475,-89.286
"2012-09-17","12:02",4.4,59.7,"52 km S of Acajutla, El Salvador",13.118,-89.883
"2012-09-16","17:22",4.4,48.4,"101 km S of La Libertad, El Salvador",12.584,-89.177
"2012-09-16","12:33",4.5,51.8,"109 km S of La Libertad, El Salvador",12.501,-89.277
"2012-09-11","19:13",4.6,49.9,"142 km S of Puerto El Triunfo, El Salvador",12.007,-88.747
"2012-09-10","16:22",4.2,56.2,"59 km S of Puerto El Triunfo, El Salvador",12.752,-88.471
"2012-09-10","07:15",4.5,34.8,"92 km SSW of Puerto El Triunfo, El Salvador",12.478,-88.785
"2012-09-10","05:31",4.7,52,"99 km S of Puerto El Triunfo, El Salvador",12.399,-88.694
"2012-09-09","16:57",4.6,73.6,"90 km S of Puerto El Triunfo, El Salvador",12.469,-88.536
"2012-09-09","05:08",4.4,35,"90 km SSW of Puerto El Triunfo, El Salvador",12.555,-88.935
"2012-09-09","03:50",4.2,35,"84 km S of Puerto El Triunfo, El Salvador",12.517,-88.605
"2012-09-07","20:27",4.2,40.6,"134 km SSW of Chirilagua, El Salvador",12.056,-88.5
"2012-09-07","13:12",4.7,57.8,"87 km S of Puerto El Triunfo, El Salvador",12.5,-88.672
"2012-09-06","17:30",4.8,61.6,"96 km SSW of Intipucá, El Salvador",12.372,-88.33
"2012-09-06","05:38",4.4,42.5,"95 km S of Puerto El Triunfo, El Salvador",12.42,-88.518
"2012-09-06","00:47",4.9,35,"100 km S of Puerto El Triunfo, El Salvador",12.371,-88.516
"2012-09-01","09:54",4.4,35,"87 km SSW of Chirilagua, El Salvador",12.458,-88.351
"2012-09-01","05:55",4.6,35,"81 km SSW of Puerto El Triunfo, El Salvador",12.593,-88.824
"2012-09-01","00:05",4.1,35,"58 km SW of Acajutla, El Salvador",13.216,-90.207
"2012-08-30","09:44",4.4,37.1,"50 km SW of Puerto El Triunfo, El Salvador",12.922,-88.831
"2012-08-30","03:03",4.4,35,"101 km SSW of Chirilagua, El Salvador",12.358,-88.451
"2012-08-29","18:16",4.2,35,"141 km S of Puerto El Triunfo, El Salvador",12.017,-88.752
"2012-08-29","13:27",4.4,35.2,"60 km SSW of Jucuarán, El Salvador",12.734,-88.43
"2012-08-29","12:52",4.3,41.1,"87 km SSW of Chirilagua, El Salvador",12.47,-88.388
"2012-08-29","02:39",4.4,35,"73 km SSW of Puerto El Triunfo, El Salvador",12.709,-88.899
"2012-08-28","23:55",4.4,35,"107 km S of Puerto El Triunfo, El Salvador",12.316,-88.557
"2012-08-28","16:02",4.6,35,"57 km S of Puerto El Triunfo, El Salvador",12.771,-88.614
"2012-08-28","15:28",4.3,35,"83 km SSW of Puerto El Triunfo, El Salvador",12.615,-88.906
"2012-08-27","19:11",4.6,35,"104 km SSW of Puerto El Triunfo, El Salvador",12.388,-88.855
"2012-08-27","17:32",4.4,40.6,"93 km SSW of Puerto El Triunfo, El Salvador",12.497,-88.857
"2012-08-27","17:05",4.5,35,"81 km SSW of Puerto El Triunfo, El Salvador",12.565,-88.701
"2012-08-27","16:07",4.8,35,"99 km S of Puerto El Triunfo, El Salvador",12.392,-88.658
"2012-08-27","12:44",4,10,"4 km S of El Tránsito, El Salvador",13.312,-88.347
"2012-08-27","12:27",4.5,35,"70 km S of La Libertad, El Salvador",12.859,-89.238
"2012-08-27","08:36",4.6,35,"103 km SSW of Puerto El Triunfo, El Salvador",12.469,-89.027
"2012-08-27","07:46",4.5,35,"131 km S of Puerto El Triunfo, El Salvador",12.098,-88.54
"2012-08-27","07:34",4.4,35,"72 km SSW of Intipucá, El Salvador",12.571,-88.256
"2012-08-27","06:56",4.3,35,"32 km S of Jucuarán, El Salvador",12.967,-88.292
"2012-08-27","06:55",4.5,41.9,"98 km SSW of Chirilagua, El Salvador",12.391,-88.461
"2012-08-27","04:59",4.6,42.7,"127 km S of Puerto El Triunfo, El Salvador",12.128,-88.531
"2012-08-27","02:16",4.6,35,"107 km S of Puerto El Triunfo, El Salvador",12.321,-88.713
"2012-08-27","02:14",4.5,35,"88 km SSW of Puerto El Triunfo, El Salvador",12.601,-88.978
"2012-08-27","02:05",4.7,35,"114 km SSW of Puerto El Triunfo, El Salvador",12.395,-89.099
"2012-08-27","01:47",4.7,35,"128 km SSW of Chirilagua, El Salvador",12.098,-88.452
"2012-08-27","01:10",4.2,35,"121 km SSW of Chirilagua, El Salvador",12.175,-88.478
"2012-08-27","00:37",4.2,35,"131 km S of Puerto El Triunfo, El Salvador",12.115,-88.76
"2012-08-27","00:06",4.3,35,"135 km SSW of Chirilagua, El Salvador",12.04,-88.485
"2012-08-27","00:02",4.3,35,"95 km SSW of Puerto El Triunfo, El Salvador",12.441,-88.724
"2012-08-26","23:55",4.4,35,"105 km S of Puerto El Triunfo, El Salvador",12.33,-88.504
"2012-08-26","23:50",4.3,35,"96 km S of Puerto El Triunfo, El Salvador",12.417,-88.661
"2012-08-26","23:38",5.5,35,"109 km S of Puerto El Triunfo, El Salvador",12.297,-88.612
"2012-08-26","23:14",4.3,35,"109 km SSW of Puerto El Triunfo, El Salvador",12.331,-88.822
"2012-08-26","23:06",4.4,35,"129 km SSW of Puerto El Triunfo, El Salvador",12.25,-89.105
"2012-08-26","23:01",4.5,35,"113 km S of Puerto El Triunfo, El Salvador",12.259,-88.632
"2012-08-26","22:53",4.8,35,"80 km SSW of Puerto El Triunfo, El Salvador",12.621,-88.856
"2012-08-26","22:47",4.4,35,"95 km SSW of Puerto El Triunfo, El Salvador",12.439,-88.726
"2012-08-26","22:44",4.5,35,"102 km SSW of Puerto El Triunfo, El Salvador",12.379,-88.738
"2012-08-26","22:39",5.1,35,"57 km SSW of Jucuarán, El Salvador",12.76,-88.399
"2012-08-26","22:37",7.3,28,"126 km S of Puerto El Triunfo, El Salvador",12.139,-88.59
"2012-08-26","05:13",4.2,77.1,"41 km SW of San Francisco Menéndez, El Salvador",13.539,-90.233
"2012-08-24","01:55",4.1,83.9,"45 km SSW of Chirilagua, El Salvador",12.815,-88.225
"2012-08-19","12:42",4.3,86.3,"39 km SW of San Francisco Menéndez, El Salvador",13.617,-90.293
"2012-08-18","00:43",3.8,35,"40 km SW of Jiquilisco, El Salvador",13.094,-88.879
"2012-08-16","14:13",4.1,72.8,"26 km S of La Libertad, El Salvador",13.253,-89.287
"2012-08-15","17:45",5.5,56,"39 km SSE of La Libertad, El Salvador",13.148,-89.215
"2012-08-13","09:19",4.3,41.1,"100 km SSW of Intipucá, El Salvador",12.314,-88.279
"2012-08-10","10:51",4.2,76.3,"5 km S of Acajutla, El Salvador",13.54,-89.825
"2012-08-09","06:36",4.7,63.3,"43 km SW of Acajutla, El Salvador",13.304,-90.094
"2012-07-31","18:03",4.2,42.6,"82 km SSW of Puerto El Triunfo, El Salvador",12.59,-88.82
"2012-07-30","18:20",4,6,"0 km NNW of Apastepeque, El Salvador",13.673,-88.785
"2012-07-28","15:44",4.1,35,"66 km S of Intipucá, El Salvador",12.608,-88.17
"2012-07-28","10:30",4.3,35,"27 km WSW of La Libertad, El Salvador",13.436,-89.571
"2012-07-23","13:36",4.2,40.4,"36 km SE of Acajutla, El Salvador",13.331,-89.626
"2012-07-17","10:01",4.5,77.5,"9 km SW of Acajutla, El Salvador",13.532,-89.884
"2012-06-27","00:30",5.7,132.6,"5 km E of San Francisco Menéndez, El Salvador",13.834,-89.967
"2012-06-05","01:32",4.2,35,"75 km S of La Libertad, El Salvador",12.808,-89.399
"2012-06-03","14:55",4.2,74.7,"23 km S of La Libertad, El Salvador",13.28,-89.3
"2012-05-27","15:52",4.4,88.2,"38 km S of El Rosario, El Salvador",13.147,-89.054
"2012-05-13","19:11",4.2,59.4,"66 km SW of Acajutla, El Salvador",13.195,-90.287
"2012-04-22","18:16",4,25,"51 km WSW of Acajutla, El Salvador",13.352,-90.231
"2012-04-18","18:47",4.4,71.7,"25 km W of Acajutla, El Salvador",13.601,-90.067
"2012-03-31","23:11",4.5,50.5,"23 km SE of Acajutla, El Salvador",13.43,-89.685
"2012-03-31","11:13",4.6,44.9,"122 km SSW of Acajutla, El Salvador",12.634,-90.394
"2012-03-27","12:39",4.3,60.5,"58 km S of La Libertad, El Salvador",12.971,-89.222
"2012-03-01","11:12",4.5,93.7,"60 km SSW of Jucuarán, El Salvador",12.731,-88.402
"2012-02-27","10:14",4.6,7.7,"69 km S of El Rosario, El Salvador",12.87,-89.039
"2012-02-07","10:16",4.5,26.3,"7 km NE of La Libertad, Honduras",14.794,-87.561
"2012-02-07","09:48",4.4,35,"23 km SSE of La Libertad, El Salvador",13.284,-89.259
"2012-02-06","04:30",4.4,25.4,"12 km NE of La Libertad, Honduras",14.835,-87.544
"2012-02-05","08:19",4.8,90.2,"20 km S of El Rosario, El Salvador",13.314,-89.015
"2012-02-04","05:06",4.4,81.7,"27 km SSE of La Libertad, El Salvador",13.25,-89.26
"2012-02-02","22:10",4.5,42.5,"110 km S of Puerto El Triunfo, El Salvador",12.288,-88.665
"2012-02-01","22:24",4.6,104.3,"34 km SSE of La Libertad, El Salvador",13.206,-89.198
"2012-01-19","00:25",4.4,79.2,"26 km SW of La Libertad, El Salvador",13.309,-89.491
"2012-01-12","23:35",4.5,35,"33 km SSW of Jucuarán, El Salvador",12.961,-88.322
"2012-01-03","16:32",4.5,93.5,"28 km S of Jucuarán, El Salvador",13.002,-88.296
"2011-12-26","20:24",4.5,60.7,"79 km SSW of La Libertad, El Salvador",12.822,-89.592
"2011-12-24","03:38",4.5,77.8,"46 km SSW of Puerto El Triunfo, El Salvador",12.877,-88.641
"2011-12-20","16:52",4.5,56.1,"92 km SSW of La Libertad, El Salvador",12.683,-89.538
"2011-12-15","07:28",5.1,53.3,"49 km SSW of Puerto El Triunfo, El Salvador",12.867,-88.714
"2011-12-10","21:34",4.5,42.5,"61 km SSW of Jucuarán, El Salvador",12.712,-88.37
"2011-12-10","21:19",4.3,36.2,"57 km SSW of Chirilagua, El Salvador",12.73,-88.303
"2011-12-08","08:35",4.6,35,"7 km ENE of Izalco, El Salvador",13.773,-89.606
"2011-12-08","08:34",5.1,35,"49 km SSW of Acajutla, El Salvador",13.172,-89.973
"2011-12-08","08:02",4.6,35,"48 km S of Acajutla, El Salvador",13.163,-89.903
"2011-12-07","15:41",4.4,33.7,"5 km SE of Sonsonate, El Salvador",13.688,-89.68
"2011-11-29","00:26",4.7,157.6,"8 km NNW of Zacatecoluca, El Salvador",13.577,-88.893
"2011-11-24","15:13",5,43.2,"3 km WSW of Conchagua, El Salvador",13.297,-87.898
"2011-10-30","00:28",4.4,68.6,"39 km SSW of El Rosario, El Salvador",13.162,-89.161
"2011-10-13","18:00",4.3,44.1,"8 km ESE of San Francisco Menéndez, El Salvador",13.822,-89.938
"2011-09-22","04:13",4.4,90.9,"36 km S of Puerto El Triunfo, El Salvador",12.959,-88.58
"2011-09-20","00:32",4.2,64,"45 km SSW of Acajutla, El Salvador",13.196,-89.933
"2011-09-09","05:35",4.2,59.6,"71 km SW of Puerto El Triunfo, El Salvador",12.778,-88.961
"2011-08-16","08:46",4.3,10,"13 km W of San Francisco Menéndez, El Salvador",13.864,-90.137
"2011-08-12","18:53",4.7,83.3,"39 km S of Puerto El Triunfo, El Salvador",12.928,-88.554
"2011-07-02","16:54",4,6,"5 km SSE of Conchagua, El Salvador",13.26,-87.849
"2011-06-19","18:10",4,30,"58 km SW of Puerto El Triunfo, El Salvador",12.93,-88.951
"2011-06-12","04:17",5,91.4,"55 km S of Puerto El Triunfo, El Salvador",12.785,-88.483
"2011-06-11","16:23",4.7,94.2,"61 km SSW of Jucuarán, El Salvador",12.715,-88.402
"2011-06-03","15:53",4,39.3,"23 km SW of Acajutla, El Salvador",13.449,-89.984
"2011-05-22","11:15",4.8,60.9,"71 km WSW of Acajutla, El Salvador",13.324,-90.424
"2011-05-16","19:01",4.4,70.5,"26 km SW of La Libertad, El Salvador",13.343,-89.512
"2011-05-15","02:34",4.9,56.6,"69 km S of Intipucá, El Salvador",12.573,-88.074
"2011-05-09","02:44",4.4,41.6,"55 km SSW of Acajutla, El Salvador",13.151,-90.063
"2011-04-30","15:46",4.7,69.3,"48 km SSE of Acajutla, El Salvador",13.192,-89.655
"2011-04-23","18:19",4.3,35,"58 km S of Puerto El Triunfo, El Salvador",12.761,-88.631
"2011-04-21","03:18",4.5,76.1,"95 km SSW of Puerto El Triunfo, El Salvador",12.475,-88.857
"2011-04-13","19:56",4.4,83.8,"43 km S of Intipucá, El Salvador",12.809,-88.005
"2011-03-19","06:43",4.5,60.8,"98 km SSW of Puerto El Triunfo, El Salvador",12.445,-88.845
"2011-03-17","20:33",4.4,63.5,"106 km SSW of Puerto El Triunfo, El Salvador",12.405,-88.954
"2011-03-14","05:45",4.6,66.2,"35 km SSW of Acajutla, El Salvador",13.285,-89.907
"2011-03-14","03:39",4.5,61.6,"107 km S of La Libertad, El Salvador",12.522,-89.208
"2011-03-01","15:46",4.7,198.8,"8 km N of Santiago de María, El Salvador",13.561,-88.452
"2011-03-01","08:56",4.4,54.5,"64 km SW of Puerto El Triunfo, El Salvador",12.811,-88.902
"2011-02-15","20:38",4.3,74,"35 km SW of Jiquilisco, El Salvador",13.112,-88.839
"2011-01-30","21:50",4.2,72.4,"41 km SSW of El Rosario, El Salvador",13.14,-89.155
"2011-01-25","00:18",5,47.9,"116 km S of Puerto El Triunfo, El Salvador",12.232,-88.55
"2011-01-23","19:14",4,35,"2 km SSE of Ahuachapán, El Salvador",13.898,-89.835
"2011-01-11","19:05",5.1,47.9,"122 km SSW of Acajutla, El Salvador",12.511,-90.062
"2011-01-10","01:07",4.5,35,"89 km SSW of Intipucá, El Salvador",12.406,-88.217
"2011-01-03","18:49",4.8,51.4,"47 km S of La Libertad, El Salvador",13.06,-89.271
"2011-01-02","08:11",4.5,76,"28 km SW of Acajutla, El Salvador",13.378,-89.977
"2010-12-21","15:35",4.9,74.8,"42 km S of Acajutla, El Salvador",13.213,-89.854
"2010-12-20","11:21",5.7,72.3,"33 km SSW of Puerto El Triunfo, El Salvador",12.995,-88.64
"2010-11-13","13:04",4.6,62.8,"53 km S of Acajutla, El Salvador",13.112,-89.888
"2010-11-03","12:00",5,45.8,"43 km SSW of Puerto El Triunfo, El Salvador",12.914,-88.698
"2010-10-13","09:13",4.5,66,"69 km S of Intipucá, El Salvador",12.578,-88.143
"2010-09-30","21:18",4.8,120,"23 km S of El Rosario, El Salvador",13.292,-89.071
"2010-09-26","02:03",4.6,82.8,"6 km SSW of Jucuarán, El Salvador",13.199,-88.267
"2010-09-23","03:58",4.8,82.9,"55 km SSW of Jucuarán, El Salvador",12.78,-88.42
"2010-09-17","02:45",4.2,56.2,"49 km SW of Acajutla, El Salvador",13.281,-90.157
"2010-09-11","15:53",4.7,60.5,"75 km SSW of Puerto El Triunfo, El Salvador",12.625,-88.743
"2010-09-07","16:00",4.7,73.8,"56 km SSW of Puerto El Triunfo, El Salvador",12.786,-88.672
"2010-07-31","21:45",4.2,138.8,"5 km NNE of Puerto El Triunfo, El Salvador",13.327,-88.532
"2010-07-15","18:06",5.1,62.4,"50 km S of Puerto El Triunfo, El Salvador",12.826,-88.535
"2010-07-02","22:03",4.4,47.8,"40 km SW of Acajutla, El Salvador",13.338,-90.102
"2010-06-09","19:59",4.1,68.7,"50 km SW of San Francisco Menéndez, El Salvador",13.484,-90.308
"2010-05-29","10:11",5,27.9,"115 km SSW of Chirilagua, El Salvador",12.236,-88.484
"2010-05-27","13:18",4,62,"58 km SW of Puerto El Triunfo, El Salvador",12.854,-88.871
"2010-05-12","11:23",4.7,77.4,"56 km SW of Jiquilisco, El Salvador",12.966,-88.96
"2010-05-03","05:14",4.3,73.2,"58 km S of La Libertad, El Salvador",12.964,-89.344
"2010-04-24","09:45",4.7,10,"11 km SW of Jiquilisco, El Salvador",13.247,-88.658
"2010-04-17","17:55",4,13,"9 km SSW of La Libertad, El Salvador",13.412,-89.358
"2010-04-15","18:14",4.7,39.7,"96 km S of La Libertad, El Salvador",12.627,-89.197
"2010-04-12","04:15",4.5,84,"37 km SSW of Acajutla, El Salvador",13.27,-89.925
"2010-04-10","07:40",4.4,28.1,"3 km ENE of Santa Rosa de Lima, El Salvador",13.633,-87.865
"2010-03-30","21:41",4.4,34,"56 km SW of Acajutla, El Salvador",13.237,-90.201
"2010-03-22","17:00",4.5,51.7,"52 km SSW of Acajutla, El Salvador",13.132,-89.942
"2010-03-17","03:09",3.7,34.9,"66 km S of El Rosario, El Salvador",12.899,-89.106
"2010-03-15","14:04",4,42.8,"4 km NE of La Libertad, El Salvador",13.518,-89.299
"2010-03-13","20:52",4.7,35,"58 km SSW of Puerto El Triunfo, El Salvador",12.822,-88.814
"2010-02-16","21:50",4.2,47.2,"76 km SW of Acajutla, El Salvador",13.197,-90.403
"2010-02-10","17:56",4.6,96.5,"21 km SSW of La Libertad, El Salvador",13.318,-89.419
"2010-02-04","14:33",4.8,43,"37 km SSW of Jucuarán, El Salvador",12.943,-88.392
"2010-01-30","16:50",4.8,197.7,"5 km NNE of Lolotique, El Salvador",13.597,-88.337
"2010-01-20","08:42",4.5,59.9,"77 km S of Intipucá, El Salvador",12.505,-88.168
"2010-01-18","09:40",5.9,54.7,"17 km SW of San Francisco Menéndez, El Salvador",13.728,-90.132
"2010-01-08","01:00",4.3,88.6,"59 km SW of Acajutla, El Salvador",13.25,-90.254